"country_id","country_iso_3_code","country_name","country_lat","country_lng"
"CX","CXR","Christmas Island","-10.447525","105.690449"
"MU","MUS","Mauritius","-20.348404","57.552152"
"GZ","","Gaza Strip","31.354676","34.308825"
"CC","CCK","Cocos [Keeling] Islands","-12.164165","96.870956"
"CL","CHL","Chile","-35.675147","-71.542969"
"GF","GUF","French Guiana","3.933889","-53.125782"
"ER","ERI","Eritrea","15.179384","39.782334"
"IL","ISR","Israel","31.046051","34.851612"
"SG","SGP","Singapore","1.352083","103.819836"
"MR","MRT","Mauritania","21.00789","-10.940835"
"JM","JAM","Jamaica","18.109581","-77.297508"
"LB","LBN","Lebanon","33.854721","35.862285"
"LV","LVA","Latvia","56.879635","24.603189"
"TK","TKL","Tokelau","-8.967363","-171.855881"
"DO","DOM","Dominican Republic","18.735693","-70.162651"
"IR","IRN","Iran","32.427908","53.688046"
"US","USA","United States","37.09024","-95.712891"
"PW","PLW","Palau","7.51498","134.58252"
"TW","TWN","Taiwan","23.69781","120.960515"
"BN","BRN","Brunei","4.535277","114.727669"
"BH","BHR","Bahrain","25.930414","50.637772"
"GR","GRC","Greece","39.074208","21.824312"
"JP","JPN","Japan","36.204824","138.252924"
"MT","MLT","Malta","35.937496","14.375416"
"SB","SLB","Solomon Islands","-9.64571","160.156194"
"BA","BIH","Bosnia and Herzegovina","43.915886","17.679076"
"IT","ITA","Italy","41.87194","12.56738"
"BD","BGD","Bangladesh","23.684994","90.356331"
"CZ","CZE","Czech Republic","49.817492","15.472962"
"HU","HUN","Hungary","47.162494","19.503304"
"LC","LCA","Saint Lucia","13.909444","-60.978893"
"TF","ATF","French Southern Territories","-49.280366","69.348557"
"AT","AUT","Austria","47.516231","14.550072"
"KZ","KAZ","Kazakhstan","48.019573","66.923684"
"TV","TUV","Tuvalu","-7.109535","177.64933"
"AN","","Netherlands Antilles","12.226079","-69.060087"
"MW","MWI","Malawi","-13.254308","34.301525"
"NI","NIC","Nicaragua","12.865416","-85.207229"
"NP","NPL","Nepal","28.394857","84.124008"
"ES","ESP","Spain","40.463667","-3.74922"
"TN","TUN","Tunisia","33.886917","9.537499"
"XK","","Kosovo","42.602636","20.902977"
"CD","COD","Congo [DRC]","-4.038333","21.758664"
"JO","JOR","Jordan","30.585164","36.238414"
"MP","MNP","Northern Mariana Islands","17.33083","145.38469"
"UZ","UZB","Uzbekistan","41.377491","64.585262"
"CF","CAF","Central African Republic","6.611111","20.939444"
"DE","DEU","Germany","51.165691","10.451526"
"SC","SYC","Seychelles","-4.679574","55.491977"
"DJ","DJI","Djibouti","11.825138","42.590275"
"GL","GRL","Greenland","71.706936","-42.604303"
"LU","LUX","Luxembourg","49.815273","6.129583"
"MG","MDG","Madagascar","-18.766947","46.869107"
"MS","MSR","Montserrat","16.742498","-62.187366"
"LI","LIE","Liechtenstein","47.166","9.555373"
"LS","LSO","Lesotho","-29.609988","28.233608"
"CM","CMR","Cameroon","7.369722","12.354722"
"EG","EGY","Egypt","26.820553","30.802498"
"ET","ETH","Ethiopia","9.145","40.489673"
"TD","TCD","Chad","15.454166","18.732207"
"RS","SRB","Serbia","44.016521","21.005859"
"AD","AND","Andorra","42.546245","1.601554"
"HR","HRV","Croatia","45.1","15.2"
"KM","COM","Comoros","-11.875001","43.872219"
"HT","HTI","Haiti","18.971187","-72.285215"
"MY","MYS","Malaysia","4.210484","101.975766"
"QA","QAT","Qatar","25.354826","51.183884"
"AI","AIA","Anguilla","18.220554","-63.068615"
"AW","ABW","Aruba","12.52111","-69.968338"
"AM","ARM","Armenia","40.069099","45.038189"
"GU","GUM","Guam","13.444304","144.793731"
"LK","LKA","Sri Lanka","7.873054","80.771797"
"PT","PRT","Portugal","39.399872","-8.224454"
"MA","MAR","Morocco","31.791702","-7.09262"
"CI","CIV","Côte d'Ivoire","7.539989","-5.54708"
"CY","CYP","Cyprus","35.126413","33.429859"
"KE","KEN","Kenya","-0.023559","37.906193"
"LA","LAO","Laos","19.85627","102.495496"
"HM","HMD","Heard Island and McDonald Islands","-53.08181","73.504158"
"SN","SEN","Senegal","14.497401","-14.452362"
"VI","VIR","U.S. Virgin Islands","18.335765","-64.896335"
"EE","EST","Estonia","58.595272","25.013607"
"GH","GHA","Ghana","7.946527","-1.023194"
"AZ","AZE","Azerbaijan","40.143105","47.576927"
"BW","BWA","Botswana","-22.328474","24.684866"
"NE","NER","Niger","17.607789","8.081666"
"TJ","TJK","Tajikistan","38.861034","71.276093"
"LR","LBR","Liberia","6.428055","-9.429499"
"CK","COK","Cook Islands","-21.236736","-159.777671"
"MV","MDV","Maldives","3.202778","73.22068"
"PM","SPM","Saint Pierre and Miquelon","46.941936","-56.27111"
"ME","MNE","Montenegro","42.708678","19.37439"
"AQ","ATA","Antarctica","-75.250973","-0.071389"
"GP","GLP","Guadeloupe","16.995971","-62.067641"
"KI","KIR","Kiribati","-3.370417","-168.734039"
"FR","FRA","France","46.227638","2.213749"
"MC","MCO","Monaco","43.750298","7.412841"
"PK","PAK","Pakistan","30.375321","69.345116"
"VG","VGB","British Virgin Islands","18.420695","-64.639968"
"PA","PAN","Panama","8.537981","-80.782127"
"SO","SOM","Somalia","5.152149","46.199616"
"BZ","BLZ","Belize","17.189877","-88.49765"
"UY","URY","Uruguay","-32.522779","-55.765835"
"NG","NGA","Nigeria","9.081999","8.675277"
"TR","TUR","Turkey","38.963745","35.243322"
"CO","COL","Colombia","4.570868","-74.297333"
"NC","NCL","New Caledonia","-20.904305","165.618042"
"KG","KGZ","Kyrgyzstan","41.20438","74.766098"
"SK","SVK","Slovakia","48.669026","19.699024"
"VU","VUT","Vanuatu","-15.376706","166.959158"
"TO","TON","Tonga","-21.178986","-175.198242"
"UM","UMI","U.S. Minor Outlying Islands","",""
"KW","KWT","Kuwait","29.31166","47.481766"
"SY","SYR","Syria","34.802075","38.996815"
"CR","CRI","Costa Rica","9.748917","-83.753428"
"GY","GUY","Guyana","4.860416","-58.93018"
"PE","PER","Peru","-9.189967","-75.015152"
"PL","POL","Poland","51.919438","19.145136"
"PN","PCN","Pitcairn Islands","-24.703615","-127.439308"
"RW","RWA","Rwanda","-1.940278","29.873888"
"UG","UGA","Uganda","1.373333","32.290275"
"VE","VEN","Venezuela","6.42375","-66.58973"
"BF","BFA","Burkina Faso","12.238333","-1.561593"
"TL","TLS","Timor-Leste","-8.874217","125.727539"
"GN","GIN","Guinea","9.945587","-9.696645"
"SL","SLE","Sierra Leone","8.460555","-11.779889"
"CN","CHN","China","35.86166","104.195397"
"BO","BOL","Bolivia","-16.290154","-63.588653"
"YE","YEM","Yemen","15.552727","48.516388"
"MM","MMR","Myanmar [Burma]","21.913965","95.956223"
"PG","PNG","Papua New Guinea","-6.314993","143.95555"
"AG","ATG","Antigua and Barbuda","17.060816","-61.796428"
"RO","ROU","Romania","45.943161","24.96676"
"GW","GNB","Guinea-Bissau","11.803749","-15.180413"
"KP","PRK","North Korea","40.339852","127.510093"
"IN","IND","India","20.593684","78.96288"
"PF","PYF","French Polynesia","-17.679742","-149.406843"
"PH","PHL","Philippines","12.879721","121.774017"
"FO","FRO","Faroe Islands","61.892635","-6.911806"
"AF","AFG","Afghanistan","33.93911","67.709953"
"EH","ESH","Western Sahara","24.215527","-12.885834"
"GA","GAB","Gabon","-0.803689","11.609444"
"CU","CUB","Cuba","21.521757","-77.781167"
"PS","PSE","Palestinian Territories","31.952162","35.233154"
"GT","GTM","Guatemala","15.783471","-90.230759"
"IM","IMN","Isle of Man","54.236107","-4.548056"
"VN","VNM","Vietnam","14.058324","108.277199"
"IE","IRL","Ireland","53.41291","-8.24389"
"MH","MHL","Marshall Islands","7.131474","171.184478"
"PY","PRY","Paraguay","-23.442503","-58.443832"
"KH","KHM","Cambodia","12.565679","104.990963"
"TC","TCA","Turks and Caicos Islands","21.694025","-71.797928"
"SA","SAU","Saudi Arabia","23.885942","45.079162"
"KN","KNA","Saint Kitts and Nevis","17.357822","-62.782998"
"CH","CHE","Switzerland","46.818188","8.227512"
"GI","GIB","Gibraltar","36.137741","-5.345374"
"AL","ALB","Albania","41.153332","20.168331"
"MK","MKD","Macedonia [FYROM]","41.608635","21.745275"
"LT","LTU","Lithuania","55.169438","23.881275"
"ML","MLI","Mali","17.570692","-3.996166"
"PR","PRI","Puerto Rico","18.220833","-66.590149"
"SJ","SJM","Svalbard and Jan Mayen","77.553604","23.670272"
"BB","BRB","Barbados","13.193887","-59.543198"
"SM","SMR","San Marino","43.94236","12.457777"
"CV","CPV","Cape Verde","16.002082","-24.013197"
"FI","FIN","Finland","61.92411","25.748151"
"KY","CYM","Cayman Islands","19.513469","-80.566956"
"VC","VCT","Saint Vincent and the Grenadines","12.984305","-61.287228"
"IS","ISL","Iceland","64.963051","-19.020835"
"MZ","MOZ","Mozambique","-18.665695","35.529562"
"TG","TGO","Togo","8.619543","0.824782"
"NA","NAM","Namibia","-22.95764","18.49041"
"NO","NOR","Norway","60.472024","8.468946"
"FM","FSM","Micronesia","7.425554","150.550812"
"NF","NFK","Norfolk Island","-29.040835","167.954712"
"RU","RUS","Russia","61.52401","105.318756"
"KR","KOR","South Korea","35.907757","127.766922"
"AU","AUS","Australia","-25.274398","133.775136"
"CA","CAN","Canada","56.130366","-106.346771"
"NR","NRU","Nauru","-0.522778","166.931503"
"MO","MAC","Macau","22.198745","113.543873"
"HN","HND","Honduras","15.199999","-86.241905"
"RE","REU","Réunion","-21.115141","55.536384"
"VA","VAT","Vatican City","41.902916","12.453389"
"WS","WSM","Samoa","-13.759029","-172.104629"
"JE","JEY","Jersey","49.214439","-2.13125"
"BG","BGR","Bulgaria","42.733883","25.48583"
"TM","TKM","Turkmenistan","38.969719","59.556278"
"GB","GBR","United Kingdom","55.378051","-3.435973"
"SR","SUR","Suriname","3.919305","-56.027783"
"WF","WLF","Wallis and Futuna","-13.768752","-177.156097"
"MN","MNG","Mongolia","46.862496","103.846656"
"TH","THA","Thailand","15.870032","100.992541"
"ST","STP","São Tomé and Príncipe","0.18636","6.613081"
"AS","ASM","American Samoa","-14.270972","-170.132217"
"BI","BDI","Burundi","-3.373056","29.918886"
"GQ","GNQ","Equatorial Guinea","1.650801","10.267895"
"YT","MYT","Mayotte","-12.8275","45.166244"
"MX","MEX","Mexico","23.634501","-102.552784"
"MQ","MTQ","Martinique","14.641528","-61.024174"
"SE","SWE","Sweden","60.128161","18.643501"
"AO","AGO","Angola","-11.202692","17.873887"
"DK","DNK","Denmark","56.26392","9.501785"
"SH","SHN","Saint Helena","-24.143474","-10.030696"
"TT","TTO","Trinidad and Tobago","10.691803","-61.222503"
"SI","SVN","Slovenia","46.151241","14.995463"
"UA","UKR","Ukraine","48.379433","31.16558"
"FJ","FJI","Fiji","-16.578193","179.414413"
"IO","IOT","British Indian Ocean Territory","-6.343194","71.876519"
"ZA","ZAF","South Africa","-30.559482","22.937506"
"OM","OMN","Oman","21.512583","55.923255"
"BV","BVT","Bouvet Island","-54.423199","3.413194"
"ID","IDN","Indonesia","-0.789275","113.921327"
"GE","GEO","Georgia","42.315407","43.356892"
"DZ","DZA","Algeria","28.033886","1.659626"
"FK","FLK","Falkland Islands [Islas Malvinas]","-51.796253","-59.523613"
"NU","NIU","Niue","-19.054445","-169.867233"
"SV","SLV","El Salvador","13.794185","-88.89653"
"BJ","BEN","Benin","9.30769","2.315834"
"DM","DMA","Dominica","15.414999","-61.370976"
"GG","GGY","Guernsey","49.465691","-2.585278"
"GM","GMB","Gambia","13.443182","-15.310139"
"BT","BTN","Bhutan","27.514162","90.433601"
"GD","GRD","Grenada","12.262776","-61.604171"
"IQ","IRQ","Iraq","33.223191","43.679291"
"BS","BHS","Bahamas","25.03428","-77.39628"
"ZW","ZWE","Zimbabwe","-19.015438","29.154857"
"NL","NLD","Netherlands","52.132633","5.291266"
"TZ","TZA","Tanzania","-6.369028","34.888822"
"BM","BMU","Bermuda","32.321384","-64.75737"
"LY","LBY","Libya","26.3351","17.228331"
"EC","ECU","Ecuador","-1.831239","-78.183406"
"SD","SDN","Sudan","12.862807","30.217636"
"AR","ARG","Argentina","-38.416097","-63.616672"
"BY","BLR","Belarus","53.709807","27.953389"
"HK","HKG","Hong Kong","22.396428","114.109497"
"SZ","SWZ","Swaziland","-26.522503","31.465866"
"BR","BRA","Brazil","-14.235004","-51.92528"
"GS","SGS","South Georgia and the South Sandwich Islands","-54.429579","-36.587909"
"ZM","ZMB","Zambia","-13.133897","27.849332"
"BE","BEL","Belgium","50.503887","4.469936"
"NZ","NZL","New Zealand","-40.900557","174.885971"
"AE","ARE","United Arab Emirates","23.424076","53.847818"
"CG","COG","Congo [Republic]","-0.228021","15.827659"
"MD","MDA","Moldova","47.411631","28.369885"
