"Source","Target","flights_count"
"EHAM","RCTP","5"
"RKSI","EHAM","8"
"EGLL","LMML","5"
"EGSS","LFPB","1"
"EGGW","VHHH","1"
"LKTB","LZTT","1"
"EHAM","UMMS","6"
"LEMD","LPPR","8"
"EBLG","KJFK","11"
"EGLL","EINN","5"
"OMDB","UUEE","1"
"LHBP","BIKF","2"
"EDDH","EKCH","1"
"EHAM","FACT","1"
"SBGL","KATL","1"
"LROP","LTFJ","1"
"EDDN","ESSD","1"
"SBGR","KORD","1"
"EDDB","LFNR","1"
"KHWV","CYYZ","1"
"LKKB","OMDW","1"
"EGSS","LZIB","1"
"EDDM","LEMU","2"
"EHAM","KDTW","2"
"KLAX","NZAA","9"
"EVRA","EYRU","2"
"KLAX","LTBW","1"
"RCTP","UAAA","1"
"USSS","EGGW","1"
"EDDM","DAAG","1"
"EVRA","EDLN","1"
"LIPE","UUDD","1"
"CYYZ","KMZJ","1"
"EBBR","LYBE","1"
"KCOS","ETAD","1"
"OTHH","RPUF","1"
"EHLE","LJBL","1"
"EDDF","LMML","5"
"YSSY","WSSS","15"
"KMIA","LEMD","9"
"LROP","ESMS","2"
"LSGC","EDFH","1"
"EIDW","EDDK","7"
"EDDF","GOBD","6"
"LPPT","LSZH","4"
"EGLL","LFBO","2"
"EBLG","BIKF","7"
"ELLX","WMKK","1"
"LFPG","LDZA","1"
"VTBD","WMSA","1"
"YSSY","KLAX","1"
"EYVI","LKPR","1"
"VMMC","ZGSD","1"
"ELLX","RCTP","5"
"EDFH","SC39","1"
"EGCC","EIDW","15"
"EGLL","RJTT","11"
"TJSJ","67KY","1"
"LFPG","CYUL","10"
"LFPG","LROP","1"
"KDFW","EBOS","2"
"EGKB","LOLW","1"
"EDDM","LFPG","5"
"EDDT","EHAM","3"
"OEDF","OMDB","2"
"LLBG","UUWW","1"
"LSZH","EDDK","1"
"UDYZ","UMMS","1"
"VABB","OBBI","1"
"BIKF","LKVO","1"
"LEMD","OMAD","1"
"LEAL","EDDL","2"
"EGKB","EHAM","1"
"EPWA","EFHK","1"
"EGPF","EHAM","1"
"OTHH","LKVO","1"
"UUDD","OTHH","3"
"KIAH","EDFH","4"
"EGSS","LHBP","4"
"KEWR","EHAM","5"
"ENGM","EGLL","3"
"LGAV","LCLK","7"
"OMDW","LROP","1"
"ENGM","VTBS","1"
"SBKP","KDFW","3"
"KEWR","CYHM","2"
"UUDD","LEMD","1"
"LSZH","LTBA","4"
"KTPA","CYYZ","4"
"OTHH","EFHK","7"
"KORD","RJTT","4"
"EDDK","KORD","1"
"ELLX","SBGR","1"
"EDDP","LFBO","1"
"EDDS","EGLL","1"
"KMSP","CYEG","2"
"EDDF","RJTE","1"
"CYYZ","KSAN","1"
"EPWA","LSGG","1"
"KORD","YMML","1"
"LEMG","UUEE","1"
"RCTP","VHHH","102"
"VHHH","PANC","116"
"EHGG","EDLS","1"
"PANC","VHHH","72"
"EGJB","EGHI","6"
"OMDB","LEMD","3"
"LFLL","LMML","1"
"EIDW","LSZH","3"
"OTHH","EBLG","3"
"ETAR","KADW","1"
"TJSJ","KMDW","1"
"LIME","LMML","2"
"WMKK","ZGSZ","10"
"YSSY","CYVR","5"
"VHHH","ZUCK","4"
"EDDP","LDZA","2"
"EGLL","EDDF","21"
"EDDK","UUWW","2"
"ESOW","EDDL","1"
"LROP","ESKN","1"
"LFLL","EIDW","3"
"LFML","LEZG","1"
"LIMJ","EHAM","1"
"KAKR","CYHM","3"
"LEPA","EDDL","6"
"LZIB","LSGG","1"
"KEWR","TXKF","5"
"LPFR","LSGG","1"
"OTHH","KORD","3"
"EDDN","LIME","4"
"EDVK","EGSJ","1"
"EGLL","LFNR","1"
"LFPO","LEMD","4"
"EHAM","EBLG","2"
"FAGC","EDDF","1"
"UAAA","ZGSZ","4"
"CYYZ","KFTG","1"
"WMKK","WSAP","5"
"LPPR","UAAA","1"
"EGGD","LFOT","1"
"KFLL","SKBO","1"
"LFPG","ZGGG","1"
"EDDL","LEVC","1"
"LFBO","EDHI","7"
"EIDW","LFPG","4"
"EGLL","EFHK","14"
"EDDE","EKBI","4"
"LEAL","ESMX","1"
"EIDW","KJFK","7"
"LFPG","EIDW","3"
"GOBD","LTBA","2"
"EGAA","KBOS","3"
"YMML","VCBI","3"
"CFQ7","KDEN","1"
"OMDB","LOWW","3"
"LFQB","EHRD","1"
"ZGSZ","EDDP","2"
"EHMZ","EBOS","7"
"UMMS","EETN","2"
"CYYZ","BIKF","1"
"LIML","EDMA","1"
"UKBB","LTBA","1"
"MROC","4MS7","1"
"EHAM","WSAP","3"
"EGLL","EIDW","21"
"ETAR","OTBH","2"
"LROP","LTBW","3"
"LFLL","EDDK","5"
"EHAM","OMDB","9"
"LCEN","LTBA","1"
"LLBG","LTBW","9"
"EPRZ","EINN","2"
"ZGSZ","LFPG","1"
"EDDL","LEBL","3"
"EHAM","EDDB","1"
"EGLL","ESGG","2"
"CYXX","WN35","2"
"EKBI","ENGM","1"
"EDDM","LTBA","1"
"EDDF","EGNX","1"
"LHBP","ESSP","1"
"KDFW","TJIG","2"
"EGNX","EGNS","1"
"EDDP","UKKT","1"
"WMKK","OMDW","1"
"EHAM","CYYZ","4"
"VTBS","LSZH","4"
"UUEE","LEMD","2"
"LFML","LGAV","1"
"VTBS","OMAA","2"
"RJBB","RKSS","1"
"RCTP","ZGGG","3"
"DAAG","LFLL","1"
"KDOV","EDFH","2"
"KCVG","CYHM","8"
"OTHH","SBGR","2"
"LSZH","CYYZ","2"
"LIRF","LMML","3"
"CYYC","KSAN","1"
"EGSS","KEWR","1"
"VIDP","LOWW","1"
"LEMG","LIRF","1"
"CYHM","KIAD","1"
"RPLL","OBBI","2"
"OTHH","RPLS","1"
"TBPB","TJPS","1"
"KIAH","LTBA","3"
"KEWR","LLBG","1"
"LEIB","EDSB","1"
"EGLL","LFLL","3"
"LOWK","EDVE","1"
"OERK","LFPG","1"
"EHAM","LMML","2"
"LSZH","LPPR","3"
"PANC","RPLL","2"
"OTHH","LTBA","2"
"EGUN","EPGD","1"
"EBKT","LFPB","1"
"LTBA","VTBD","1"
"KJFK","EIDW","7"
"RPLL","RKSI","10"
"OMDB","UUWW","1"
"CYVR","YSSY","6"
"EIDW","KBOS","7"
"EDDK","EGGP","1"
"LEMD","EDDL","1"
"LCLK","LFPB","1"
"K7L8","CYHM","5"
"NZAA","WMKK","1"
"SKBO","KOPF","2"
"EGGP","LIMC","1"
"EFTU","ESGG","1"
"EIDW","LFPB","1"
"LOWW","LFPG","2"
"EKRK","EFHK","1"
"EDDK","LJLJ","1"
"WMKK","VHHH","23"
"EDDP","OMDB","6"
"OBBI","OMAM","1"
"LFPG","LTBW","6"
"EIDW","EDDF","9"
"LTBA","EDDF","9"
"EIDW","KORD","9"
"VHHH","LIMC","4"
"LOWW","WMKK","1"
"35AZ","MMNG","1"
"EGLF","LIPZ","1"
"EHAM","LEBL","5"
"YSSY","CZBB","1"
"SBGR","LFPG","2"
"LTBA","FABA","2"
"EIDW","BIKF","5"
"EDAM","LFPG","1"
"LEMD","UUDD","1"
"EDDP","UKBB","4"
"LSZA","LIMB","1"
"TJIG","KPDX","1"
"VGTJ","LTBA","1"
"EGKB","LOWW","1"
"LYBE","UNNT","1"
"KMKY","CYUL","1"
"KTPA","BIKF","1"
"EGLL","VHHH","20"
"KMIA","SBGR","13"
"OTHH","ENGM","6"
"LFPG","VTBS","2"
"EDDF","UUEE","14"
"LLBG","EBLG","13"
"KIAH","ENZV","1"
"SBKP","ELLX","2"
"CYHM","MI53","1"
"CYYC","WN35","2"
"EPWA","VCBI","1"
"BIKF","KOPF","1"
"LHBP","EDDF","4"
"EBOS","EDDK","1"
"EVRA","LIMC","1"
"CYYC","60CO","2"
"UMMS","UUEE","3"
"LGAV","EBBR","5"
"RCTP","RJAA","2"
"EBAW","LOWW","1"
"KORD","SKBO","1"
"LEZG","UUEE","1"
"TJIG","MDBE","1"
"YBCS","VHHH","1"
"KDVT","CYYC","1"
"EBLG","LIPZ","3"
"OMDB","LIMC","4"
"EGSS","EIDW","12"
"UDYZ","VCBI","1"
"KORD","EPWA","5"
"6AK2","VHHH","1"
"EHAM","LKKL","2"
"KPSP","CAM3","1"
"KBOS","LSZH","1"
"VIDP","LTBA","5"
"LEBL","EDDL","4"
"EBMB","EHAM","2"
"VTBS","WSAP","2"
"UUWW","BIKF","1"
"LIPE","LJLJ","1"
"OMDB","OETH","4"
"LFQQ","EBOS","3"
"RKSS","EKSB","1"
"LOWW","OMDB","2"
"EYVI","EVRA","2"
"VTBS","UUEE","3"
"KPHL","CYRO","1"
"EGLF","SBGL","1"
"KORD","BIKF","1"
"LHBP","EDDL","2"
"KEWR","EDDF","14"
"EDDP","KCVG","6"
"RJTT","VIDP","9"
"LYBE","LROP","1"
"CEB8","12MI","1"
"K76G","CYPT","1"
"KSDF","CYYZ","5"
"LEBL","LTBA","3"
"EDDK","EPWA","5"
"EKCH","OTHH","7"
"RCTP","ZGSZ","8"
"EBLG","EFHK","4"
"GOBD","EDDF","6"
"LOWG","LCLK","1"
"OMSJ","EBOS","1"
"EGSS","EGJJ","1"
"VABB","VHHH","1"
"LSGG","LFSP","1"
"VTBS","KJFK","1"
"KTUS","MMNG","1"
"LHBP","EDFH","1"
"VABB","EDDF","10"
"VHHH","OMDB","37"
"VHHH","WSSS","13"
"SBKP","GOBD","3"
"EDDF","ENGM","1"
"EDDB","EGSS","5"
"KLAX","RJBB","4"
"CYUL","KONZ","2"
"KMIA","EDFH","1"
"EIDW","LPPT","4"
"TJIG","MDLR","1"
"RPLC","RCTP","5"
"LJLJ","LIPE","1"
"YSSY","ZGGG","2"
"SBGR","KBOS","1"
"LTBA","ESSA","2"
"EDDK","LIME","4"
"EDDH","LFMI","1"
"LIRF","LOWW","1"
"CYOW","KBUF","1"
"BIKF","LKPR","1"
"EGMC","EIDW","1"
"EPWA","UKBB","1"
"LTBA","OBBI","2"
"KATL","VABB","3"
"LDZA","LPPT","1"
"KORD","WSSS","2"
"EHAM","ENGM","5"
"EKCH","EDDF","15"
"RCTP","ZUCK","4"
"EGBB","ENGM","1"
"VTBS","EKCH","1"
"EDLW","LHBP","3"
"RJTT","KIAH","1"
"CYVR","KDEN","1"
"NZAA","YMML","5"
"LEPA","EDDH","5"
"EFHK","LKVO","1"
"EBBR","VHHH","1"
"RKSI","EFHK","3"
"RJTT","KORD","1"
"LOWW","EDDW","1"
"EGNX","EBMB","2"
"SAEZ","LOWW","1"
"UDYZ","LKKL","1"
"LTAC","EGCC","1"
"LSGG","UKBB","1"
"KDOV","ETAR","2"
"LEVC","LSZH","2"
"CYUL","KGRB","1"
"EGCC","OTHH","12"
"LROP","EDDP","4"
"LEBL","EDDK","6"
"WSSS","WMKK","15"
"EHTE","EDWF","1"
"ETOU","EPKB","2"
"ENGM","ESMS","4"
"EBOS","OTBH","1"
"LKPR","EDDK","5"
"RCTP","CYVR","5"
"OTBD","EGGW","1"
"EBLG","ENGM","6"
"CYVR","KPIE","1"
"MROC","KATL","2"
"BIKF","LFPO","1"
"CEB8","KOPF","1"
"EPWA","EKCH","1"
"EBBR","FATA","1"
"EHAM","VHHH","5"
"RJFF","RPLL","1"
"TJSJ","KMCF","1"
"UMMS","EYVI","2"
"KTEB","EGKB","1"
"UUWW","LLBG","1"
"EVRA","EDDP","1"
"LTBA","LICJ","1"
"EHAM","KSEA","1"
"LOWW","LYBT","1"
"LSZH","RKSI","1"
"OTHH","VOBL","6"
"EKCH","VTBS","2"
"OMDB","ZGSZ","6"
"EKKA","LEMD","1"
"EGNX","EBBR","8"
"UMMS","UDYZ","1"
"LJLJ","EDDM","2"
"KNEL","OMAM","1"
"EIDW","CYYZ","3"
"LEBL","LFPG","10"
"KATL","EBLG","3"
"YBCG","RCSS","1"
"VIDP","EBBR","1"
"LIRE","ZGSZ","1"
"LIPZ","EGSS","1"
"ESSB","EGLF","1"
"CYYZ","KONZ","1"
"EHBK","OMDW","1"
"TVSA","KMIA","1"
"LTBA","VIDP","1"
"EGLL","EKCH","7"
"LFPG","LEBL","9"
"KLNK","EGLF","1"
"EDLS","EHGG","1"
"RJTT","VTBS","12"
"LOWZ","LFMN","1"
"EGGP","LROP","3"
"CYUL","OTHH","4"
"LIMC","ELLX","5"
"KCVG","EGLL","2"
"LTBA","EFHK","2"
"TJSJ","KDFW","1"
"EGBB","LFEN","1"
"LTAC","LSZH","1"
"VIDP","EDDF","1"
"LOWW","UMMS","1"
"KSMF","CYVR","1"
"LEMG","EGSS","1"
"EBBR","EFHK","1"
"KEWR","LPPT","1"
"EINN","TJIG","1"
"CKJ2","KHCO","1"
"EDDW","EKOD","1"
"EDDF","LOWL","1"
"CYOO","K76G","1"
"KFLL","TBPB","3"
"UUEE","LOWW","3"
"VHHH","EGLL","20"
"OTHH","EDDT","4"
"KFLL","CYUL","8"
"KPWK","CYHM","5"
"TJSJ","KRSW","1"
"LEIB","EDDK","1"
"LSGC","EBAW","1"
"EINN","LGIR","1"
"EIDW","LEVC","2"
"CYVR","2WA3","1"
"EDDK","LEMD","12"
"EGLL","EHAM","11"
"EDDB","EGKB","1"
"TJSJ","KPWK","1"
"EKCH","WSAP","3"
"ESMS","EKBI","1"
"LFLB","LSZH","1"
"LOWW","UUEE","1"
"EBLG","EPWA","5"
"LOWL","EKBI","1"
"LFPB","EBBR","1"
"LOWW","LIRF","1"
"LFPG","LEMD","19"
"KMIA","LKPR","1"
"LPPR","EBBR","4"
"KSDF","CYHM","5"
"EDDL","LFPB","2"
"SBGR","OMDB","1"
"KOXR","MMTJ","1"
"LSGG","LROP","2"
"OTHH","YBBN","6"
"UMMS","ESSA","3"
"EVRA","EYVP","1"
"EDDF","EPWA","1"
"CYYT","KFLL","1"
"EBLG","UNNT","2"
"LFML","HKMO","1"
"KMIA","MMTJ","1"
"OMDB","VOMM","2"
"RJBB","WMKK","1"
"ESSA","KIAD","1"
"YBBN","WMKK","1"
"LOIR","EDMK","1"
"VOBL","OMSJ","1"
"LTBA","EHBK","1"
"CYYZ","4IL3","1"
"KLAX","SAEZ","1"
"CYVR","CO12","1"
"YMML","NZAA","6"
"UUEE","VHHH","3"
"ELLX","LIMC","5"
"EDDB","WMKK","1"
"EGSS","LEMG","1"
"EDDP","EBBR","19"
"EBLG","LFMY","4"
"LSZB","LFLY","1"
"OMDB","OEDF","2"
"EDDM","LEAL","1"
"EIDW","EDDL","3"
"EDDL","LIMC","2"
"OTHH","LEZG","4"
"EBBR","EGSS","1"
"RPLL","RJFF","1"
"EHBK","CCV4","1"
"EGHQ","LMML","1"
"LPBJ","EKCH","1"
"LCLK","LGAV","12"
"OTHH","VHHH","25"
"EDDP","EGNX","38"
"OMDW","LHBP","1"
"VTBS","EFHK","4"
"WBSB","VHHH","2"
"GOBD","SBKP","5"
"CYVR","RCTP","5"
"EDDN","KEWR","1"
"LIME","EDDP","2"
"EGSS","KPHL","1"
"KCVG","CYYC","5"
"EBBR","LIRF","4"
"LPPT","LFPG","4"
"ENGM","EFHK","1"
"KFLL","EGLL","1"
"EDFH","UNNT","1"
"LTBA","EDDB","1"
"LKPR","BIKF","2"
"EHBD","LSGG","1"
"KIAD","EINN","2"
"5OH0","CYYZ","1"
"EDDL","LKPR","1"
"VGZR","VHHH","1"
"EBBR","LFPB","2"
"EDDN","LSZH","1"
"LFPG","LIRF","10"
"OBBI","LFPG","1"
"EDDF","CYYZ","17"
"YMML","OTHH","15"
"EKBI","EDSB","3"
"EDDF","MDPC","1"
"EDDF","EBLG","1"
"OTHH","NZAA","8"
"ESGG","EHAM","4"
"EGLL","LEBL","8"
"CYUL","KATL","4"
"LMML","LIME","2"
"KWRI","EGUN","1"
"VCBI","EGLL","2"
"EETN","EGWU","1"
"LPPT","KIAD","1"
"LMML","OMDB","1"
"OTBH","OMAF","1"
"LSGG","LOWS","1"
"OMAF","EDFH","1"
"UUDD","UMMS","4"
"UMMS","LYBT","1"
"EDDF","EKCH","14"
"EGLL","EPWA","29"
"EDDP","WSSS","4"
"EBBR","OMDB","6"
"EDPR","ELLX","1"
"CYYZ","KDCA","7"
"EDDL","EIDW","3"
"EDDF","VCBI","2"
"EGVN","EPWA","1"
"ENGM","LEMD","1"
"OTBH","ETAR","4"
"LLBG","EHAM","1"
"LLBG","EBMB","1"
"LIPX","ETAR","1"
"KIAD","CHF2","1"
"OMDW","EDDF","1"
"EHAM","OMSJ","4"
"LPPT","KMIA","1"
"WMKK","YPPH","1"
"EPWA","VTBS","1"
"LSZH","EDDB","2"
"LFVP","CCV4","1"
"EGPH","EPWA","2"
"EBLG","KHHR","1"
"VECC","OTHH","1"
"EHAM","LYBT","1"
"LEMD","KIAD","1"
"EPWA","EYKS","1"
"UMMS","LHBP","2"
"TJIG","21XS","1"
"EINN","LGSA","1"
"KPHL","EGNX","5"
"VHHH","KLAX","13"
"CYYZ","EGLL","14"
"EDDP","LGAV","6"
"LEMD","LFPG","13"
"SBGR","GOBD","2"
"LIMC","EGGD","1"
"LIMC","EDDV","7"
"LIPZ","EHAM","1"
"ULLI","LFLB","2"
"KSEF","CYHM","1"
"LKPR","LHBP","6"
"RJBB","4II3","1"
"LLBG","EGSS","2"
"20II","CYMX","1"
"ESSA","LEMG","4"
"EPPO","EDDK","1"
"OERK","VGTJ","1"
"EBZW","EDXR","1"
"GOOY","LETO","1"
"EDDB","EGLF","2"
"KSDL","CYLS","1"
"LEMD","EBLG","6"
"CYHM","73OI","1"
"KJFK","LIRF","7"
"KSFO","CYVR","14"
"ENBR","EDDH","1"
"EHAM","LEMD","5"
"KIAH","TJIG","1"
"KFXE","CYYZ","2"
"EDSB","LOWW","1"
"EKRK","EDDV","1"
"EHBK","LEZG","1"
"MMTJ","KSAN","3"
"LKPR","EFHK","1"
"GMMN","LTBA","1"
"ESGG","EDFH","1"
"EDDL","EGLL","7"
"UKKK","EPWA","5"
"OMDB","EHAM","7"
"EFHK","EDDF","3"
"EKCH","EGLL","7"
"LHBP","EGLL","5"
"EGLF","OMAA","1"
"EINN","KORD","4"
"EETN","EFHK","2"
"ENGM","EPWA","4"
"EBLG","EPKT","3"
"EVRA","EDDF","2"
"EGLL","KSEA","7"
"EDDT","EIDW","3"
"EBBR","EDDW","1"
"EBBR","EGLL","2"
"CYMX","KPBG","1"
"EGVN","KLSV","1"
"EGGW","LTBA","2"
"EHAM","EDDL","1"
"LPPR","LEMD","4"
"WSSS","WBSB","2"
"EDDK","LILV","1"
"LIPZ","EDDF","1"
"EGCN","PANC","1"
"LEMD","EKVB","1"
"UUDD","ZGSZ","1"
"LFPG","KIAH","1"
"EDDF","VTBS","16"
"KEWR","LFPG","4"
"EKOD","EDDN","1"
"EGLL","KLAX","16"
"CYUL","KJFK","6"
"LIRF","LSGG","5"
"EGLL","KIAD","6"
"ZGSZ","VTBS","4"
"VTBS","EGLL","4"
"LFPB","LSGG","4"
"OTBH","OBBI","2"
"OMSJ","LKVO","1"
"SAEZ","UT13","1"
"KJFK","VHHH","3"
"ENGM","LSZH","1"
"EDDB","UUEE","2"
"CYUL","EGLL","3"
"YSSY","VTBS","1"
"EVGA","ETOU","1"
"RJGG","KCVG","1"
"RCMQ","VMMC","1"
"UNNT","EBLG","1"
"CYOW","78MI","4"
"VIDP","EHAM","1"
"LFML","LPFR","1"
"EBBR","LROP","2"
"EPWA","UUEE","1"
"YPPH","WMKK","1"
"VABB","LFPG","1"
"VGTJ","WSSL","1"
"EHAM","LIML","1"
"UUEE","UDYZ","1"
"KFLL","02PR","28"
"EGLL","67KY","3"
"KSFO","EHAM","3"
"MMTJ","KRIR","3"
"MROC","EDDF","2"
"EHEH","LROP","6"
"OTHH","CYUL","3"
"VOMM","OTHH","4"
"EDDF","LSGG","8"
"LYBE","EDDS","1"
"GOBD","EGVN","1"
"LZIB","EDDC","1"
"EGPF","EIDW","1"
"EPGD","EKRK","1"
"EHBK","EDXQ","1"
"RKSG","KSEA","1"
"EHBK","OMDB","1"
"EFTU","EDWF","1"
"EHAM","EGPF","2"
"YPPH","WSAP","2"
"LSGG","EDGE","1"
"EINN","EGNX","4"
"LIMC","OTHH","7"
"KSUU","RJTJ","2"
"EDDF","KEWR","15"
"UNNT","RKSI","2"
"EPML","EDDB","1"
"UKBB","LOWW","1"
"LOWW","EDDN","2"
"EDVE","LFLB","1"
"LSGG","ELLX","1"
"LZIB","ENGM","1"
"RKSI","LIMC","1"
"LDZA","EDDH","1"
"LPPR","EDDB","4"
"EBMB","EGNX","1"
"EPKK","LKPR","1"
"RJBB","RKSI","20"
"LGAV","LPPR","1"
"EGSS","KJFK","1"
"LDZA","LIRF","1"
"ESSA","EHAM","5"
"TJSJ","KMIA","5"
"KCVG","EBBR","7"
"WMKK","OTHH","7"
"EBLG","LEMD","4"
"GMMN","LFPG","6"
"VHHH","UAAA","5"
"WBSB","WSSS","3"
"EGNX","LFPG","4"
"KHSV","EGSS","1"
"KJHW","CNJ3","1"
"LYBE","LTBW","1"
"KDTW","RKSI","1"
"UUEE","RCTP","1"
"LHBP","EPWA","1"
"EFHK","ESSA","23"
"WSSS","RJAA","2"
"LEBL","EDDF","7"
"EPWA","EGPK","1"
"UUDD","EGSS","2"
"UDYZ","LKPR","1"
"ZGSZ","VMMC","3"
"LEMD","RPLL","4"
"OMDW","ETAR","1"
"KMCI","CYYZ","1"
"EGNM","EHAM","1"
"VTBD","WMKK","1"
"EGKK","LPFR","1"
"EDMK","LOIR","1"
"KSDL","CYVR","1"
"OTHH","WSAP","3"
"ELLX","VHHH","9"
"ESSA","OTHH","8"
"LIME","EGSS","1"
"LIPE","EPKK","1"
"EHAM","RKSI","8"
"LIMC","LFPG","5"
"EBBR","UUDD","2"
"EBBR","EHAM","2"
"OTHH","WMKK","7"
"LGAV","LTBA","1"
"EGLF","ESTA","1"
"KIAD","OTHH","5"
"EDDL","LSGG","2"
"KTEB","EGAA","1"
"WSAC","YSSY","1"
"EDDF","RJTK","1"
"EDDV","LFLU","1"
"GMTT","LEZL","3"
"KCLT","CYYZ","8"
"LEMG","LZIB","2"
"LSZH","LIME","1"
"EGLL","KCVG","1"
"ENGM","EKRK","1"
"EBAW","LEJR","1"
"EGLL","RCTP","3"
"KDFW","MGGT","1"
"LTBA","LOWL","1"
"LYBE","LOWL","3"
"TBPB","CYYZ","1"
"KSAT","EGGW","1"
"LEMD","GMMN","1"
"EDFH","LSGC","1"
"LFML","EDDL","1"
"VHHH","YSSY","25"
"LSZH","EDDF","16"
"EDDV","EGNX","7"
"EIDW","EHAM","12"
"LFML","LEVC","5"
"RCTP","EDDF","3"
"EGLL","EDDV","1"
"NZAA","VHHH","5"
"VHHH","LOWW","2"
"KPHL","LFPG","5"
"ELLX","KJFK","2"
"LDZA","EDDP","2"
"KBOI","CKA8","1"
"KSFO","CYYZ","10"
"LEBL","EGLF","1"
"LDZA","EDLW","1"
"KEYE","CYHM","1"
"NZAA","ZGGG","1"
"EDDF","LTBW","1"
"UDYZ","EDDN","3"
"LLBG","CYHM","1"
"EBAW","LSGC","1"
"LOWW","LSZR","1"
"MROC","LSZH","1"
"LEMD","OMDB","4"
"RCTP","KHHR","3"
"EIDW","EDDB","4"
"RKSI","KORD","2"
"LOWL","EDDP","5"
"EBBR","LTBA","3"
"LOWW","OTHH","4"
"KDEN","CYYC","4"
"EDDF","YMML","1"
"KLAX","CYYC","1"
"VMMC","RCTP","6"
"WSSS","ELLX","1"
"LIMC","LZIB","1"
"OTHH","RJAA","1"
"LHBP","EDLW","3"
"UDYZ","LSZH","1"
"KIAD","EGKB","1"
"UNNT","LFPB","1"
"KLAX","WSAP","3"
"KMFE","MM38","1"
"LEMD","LMML","1"
"LPPT","BIKF","1"
"EBCI","EIDW","1"
"EHVK","ETNG","1"
"EGHI","KJFK","1"
"VHHH","WMKK","26"
"EDDS","UKKT","1"
"LEMG","ESGG","2"
"EHAM","UUEE","5"
"EDDK","LOWW","5"
"EHAM","EGPK","1"
"GMMN","RKSI","2"
"KLAX","EHAM","4"
"LTBA","LHBP","1"
"LEMD","EGMC","13"
"VHHH","RKRN","1"
"OMDB","VABB","3"
"LEZG","SKBO","1"
"LTBA","LGAV","2"
"EBMB","LEBL","1"
"LSZH","LPPT","4"
"EGLL","EDDL","7"
"EGSS","ESDF","1"
"EKOD","EDDM","1"
"EGLF","EDDW","1"
"EIDW","EGKR","1"
"EDDF","KLAX","1"
"KPOB","EGUN","1"
"CYYZ","EDDF","9"
"EIDW","LFRS","2"
"OTHH","EDDF","27"
"RPLL","RCTP","12"
"EDDF","OMAA","1"
"TXKF","KEWR","5"
"CYYZ","KVDF","1"
"LROP","EGLL","6"
"CYUL","BIKF","3"
"LOWW","LHBP","2"
"SAEZ","EPWA","1"
"LFPG","LPPT","3"
"CYUL","KDCA","5"
"KMIA","LIRF","1"
"RPLL","LPBJ","1"
"LGAV","EPRJ","1"
"CYOW","KIAD","1"
"LTFJ","EDDB","1"
"LJLJ","LDZK","1"
"RPLL","OMAA","1"
"ELLX","EDDS","1"
"OMDW","EBBR","1"
"RCTP","RJBB","27"
"KMIA","02PR","25"
"VTBS","VHHH","51"
"EGLL","KEWR","10"
"LIMC","EGLL","3"
"VHHH","VMMC","4"
"EHAM","KMIA","4"
"EDDP","EKBI","5"
"LPPR","LTBA","1"
"EDDP","EPGD","5"
"OMDW","OERK","4"
"EHAM","KMSP","1"
"EVRA","UUEE","2"
"CYYZ","LTBA","2"
"LGAV","EGSS","2"
"EGKB","LPPT","1"
"LEMD","OERK","1"
"KLGA","CYUL","1"
"MMTJ","CA75","1"
"CNJ3","K9G3","1"
"EGSS","LICP","1"
"EGNS","ELLX","1"
"LEMD","EBBR","8"
"CYYZ","KPHX","1"
"EGLL","ESSA","9"
"EBOS","LFQQ","2"
"EYKA","EPWA","5"
"EGLL","UUEE","2"
"FAOR","OTHH","3"
"EHAM","78MI","1"
"UUEE","VCBI","1"
"ELLX","KIAH","1"
"OTHH","LGAV","3"
"EGKK","UGSB","1"
"LFPG","VIDP","6"
"EDDP","LJLJ","5"
"WSSS","ZGSZ","11"
"EDDP","ESSA","5"
"KEWR","CYYZ","13"
"EDDB","EGCC","1"
"OBBI","OTBH","3"
"NZAA","OTHH","7"
"EDDF","CYVR","2"
"EGLL","BIKF","9"
"KSDF","CYVR","4"
"EPWA","BIKF","2"
"EDDP","LFRS","3"
"LIMC","OMDB","1"
"EPWA","ENGM","4"
"LSGG","LTBA","1"
"CYUL","KMMU","1"
"OTHH","VECC","1"
"EBBR","LDZA","2"
"RJTT","KSFO","1"
"KMCO","TJIG","2"
"CYYZ","01FL","1"
"KPDX","CYVR","1"
"KBOS","EIDW","8"
"CYPQ","VT26","2"
"OTHH","RPLL","12"
"RPLL","WSAP","3"
"CYYC","KSEA","6"
"EDDV","EGLL","1"
"GOBD","EDDK","1"
"EGAA","EVRA","1"
"EHAM","EGNX","4"
"LOWW","EBAW","1"
"KDFW","EHBK","2"
"EGSS","LFYR","1"
"WSAC","VHHH","1"
"LEMD","EKKA","1"
"UMMS","LOWW","2"
"UUEE","EBBR","1"
"LEMD","DAAG","2"
"7FL6","CYOO","1"
"CYYZ","KDEN","1"
"RKSI","KY47","1"
"OBBI","OMDW","1"
"UMMS","OMDW","1"
"KBOS","02PR","4"
"OTHH","EGLL","29"
"EHBK","KBOS","1"
"EDDN","LOWW","1"
"EHBK","LTBA","7"
"RKSI","RJAA","1"
"EGNX","LEMD","12"
"VIDP","RJTT","3"
"VHHH","RJTE","1"
"LEMD","EIDW","5"
"NZAA","YMEN","1"
"KLAX","ZGGG","2"
"OMDB","VOCI","1"
"EGUN","KNTU","1"
"ESSN","EFMA","1"
"ENGM","OMDB","1"
"EPWA","LIMA","1"
"KMSP","CYAV","2"
"LEZG","KORD","1"
"73KY","OMDB","1"
"RKSI","EPWA","1"
"CYYZ","KORD","25"
"EPWA","EDDK","5"
"EGLL","LSGG","13"
"CYYZ","LPPR","2"
"LFPG","EDDM","4"
"EKCH","ESGG","6"
"KMIA","EBBR","9"
"LOWW","EGSS","1"
"OTHH","EGSS","4"
"EBLG","LTFJ","5"
"YBBN","EDDF","1"
"EDSB","LOWS","1"
"CYYC","KBOI","2"
"CYVR","60CO","3"
"LKPR","LEMG","3"
"EICK","EGSS","5"
"TBPB","PR20","1"
"KMIA","SBGL","1"
"EBLG","LHBP","1"
"EDFH","KSPA","1"
"KOPF","SKBO","2"
"EDDP","EINN","1"
"KTEB","TXKF","1"
"WMKK","VIDP","2"
"LIRF","EDDF","13"
"EBBR","UUEE","1"
"LLBG","LTBA","6"
"CYYZ","KTEB","5"
"ELLX","OEDF","4"
"LHBP","LYBT","3"
"CYUL","LEMG","1"
"KDEN","CRK2","3"
"KMKE","CJL5","2"
"OTHH","RJBB","3"
"LROP","EGBB","3"
"SBGR","LIRF","3"
"VCBI","EDDF","1"
"EBLG","KORD","1"
"VOMM","OMDB","2"
"LBWN","LLBG","1"
"DAAG","CYUL","2"
"SBGR","SKBO","1"
"CYVR","RJTL","2"
"LKPR","LTBA","4"
"ZGSZ","LIMC","2"
"CYHM","KEWR","2"
"KORD","OTHH","5"
"OTHH","LEBL","4"
"LFML","EBLG","6"
"EGSS","EICK","5"
"UUEE","CYYZ","1"
"OIKQ","OMDB","3"
"LYBE","RKSI","1"
"LIMC","EDDP","5"
"RCTP","RJFF","8"
"EDDF","UAAA","1"
"CYMX","KCVG","5"
"EDDF","LOWW","14"
"EDDT","EGLL","10"
"KSEA","CYYC","7"
"LLBG","UAAA","1"
"EGLL","CYVR","2"
"MDPC","02PR","1"
"OTHH","UAAA","3"
"EDDK","ESSA","5"
"CYVR","KHHR","1"
"KLAX","LFPG","5"
"CCV4","LFVP","1"
"LTBA","EDFH","1"
"KSEA","RJTA","1"
"WSSS","ZUCK","1"
"EGLL","KHHR","1"
"KORD","VHHH","1"
"EGNJ","EDDK","1"
"LJLJ","LYBT","1"
"KDFW","ELLX","2"
"EDDS","LEMG","1"
"UUWW","EDDN","1"
"CYYC","CO12","1"
"RKSI","KLAX","27"
"LFPG","KEWR","4"
"ELLX","VTBS","3"
"EDDH","EIDW","3"
"LKPR","LTBW","2"
"ZGSZ","VOMM","1"
"LIPZ","EDDP","6"
"EBLG","EDDE","1"
"LIRF","GOBD","1"
"VHHH","LEBL","1"
"OMDB","ELLX","1"
"EGKB","EDDM","1"
"KALB","CYUL","1"
"VTBS","ESSA","1"
"7WA3","CYNJ","2"
"LEMD","LPPT","2"
"KLAX","EBMB","1"
"EDDC","LFJL","1"
"LEVC","UNEE","1"
"EGLF","LJLJ","1"
"LBWN","LTBA","1"
"TJSJ","KPHL","1"
"RKSI","UUEE","9"
"KJFK","SBGR","2"
"EBBR","LGAV","9"
"VHHH","RPLL","16"
"RPLL","LEMD","4"
"KLAX","RJTT","5"
"EGLL","EDDP","7"
"ESSA","UUWW","5"
"LGAV","LOWW","1"
"CYVR","WSAP","2"
"ELLX","LIRA","1"
"OMDB","LROP","1"
"KMCO","02PR","2"
"EBBR","KMIA","8"
"KCLT","TJIG","5"
"EGNT","EHAM","3"
"CYYZ","KOPF","3"
"KLAX","RJTE","3"
"UNNT","LIRF","2"
"EDDS","LIPE","1"
"LEMD","SLVR","1"
"LSZH","EBAW","1"
"LSZH","SAEZ","1"
"MMML","KMYF","1"
"RKSI","KCVG","4"
"KJFK","RKSI","23"
"KHOU","02PR","6"
"EGNX","LIMC","6"
"UUEE","LIMC","1"
"EGCN","EBLG","1"
"RJTT","RPLL","5"
"WSSS","OMAA","2"
"EGLL","EBBR","5"
"EGSS","K7L8","2"
"KEYE","EDDK","1"
"EDDT","OTHH","4"
"RJTT","EDDF","1"
"EHAM","OMAF","1"
"CYYZ","KMIA","3"
"EGGW","LGAV","1"
"CYYZ","KBUF","1"
"LSGG","LFLO","1"
"EKSB","EGLF","1"
"ETAR","LICC","1"
"LKPR","EDDF","1"
"NZAA","YBBN","4"
"EDDL","LOWW","7"
"OTHH","YMML","14"
"LEMD","EDDF","10"
"EGNX","KPHL","5"
"RPLL","RJBB","2"
"TJSJ","KTPF","1"
"KORD","ELLX","14"
"LEBL","LSZH","1"
"LROP","EGGP","3"
"EGSS","07KY","1"
"MMTJ","KSDM","1"
"EGGW","LPPT","2"
"KBOS","SBGR","1"
"UNNT","ZGGG","1"
"EHAM","LROP","6"
"EGGP","EDDK","1"
"SBGR","LMML","1"
"GMMN","EBMB","1"
"UUWW","LFPB","1"
"ENZV","EDDF","1"
"LCLK","EDDS","1"
"EDDF","KATL","10"
"RKSI","KATL","4"
"VTBS","YSSY","1"
"EHAM","EGKB","4"
"KMIA","SLVR","2"
"WMSA","VHHH","8"
"LSGG","LFPG","2"
"LSZH","ESSA","4"
"SBGL","KMIA","1"
"MMTJ","KONT","1"
"ELLX","OTHH","1"
"TJIG","KVDF","1"
"LKPR","UDYZ","2"
"LOWW","EDDM","5"
"LPPT","LEMG","2"
"YBCG","VHHH","1"
"VHHH","6AK2","1"
"EIDW","EYRU","1"
"UAII","ESSB","1"
"EDDF","LKPR","1"
"LFLB","ULLP","2"
"KJFK","02PR","4"
"GMMN","LOWW","1"
"CYYZ","KIAD","6"
"EBBR","VTBS","2"
"TBPB","TVSA","2"
"UKBB","EDDP","4"
"LFPG","ESSA","7"
"EDDP","LILG","1"
"UKBB","LIMC","1"
"ELLX","LFQQ","1"
"EGLL","ENGM","2"
"EGBB","EIDW","15"
"ESSA","LSZH","4"
"MROC","KLAX","1"
"EHAM","ZUCK","2"
"LFTW","ELLX","2"
"EDDK","LEMG","1"
"KDCA","CYUL","5"
"EGPH","OTHH","3"
"KBOS","BIKF","6"
"UUEE","RKSI","4"
"LTBA","UKBB","1"
"TJIG","KMDW","1"
"VTBS","RJAA","2"
"FA37","CYKF","1"
"PANC","RKTU","1"
"EFMA","ESSN","1"
"EYKA","EGCC","1"
"KATL","SBGR","4"
"CYYZ","KCLT","1"
"UKBB","LSGG","1"
"WMKJ","RKSI","1"
"CYYZ","KYIP","1"
"EPWA","EGJJ","1"
"EDDF","SBKP","1"
"OERK","EHAM","3"
"UUEE","WSSS","1"
"CYHM","KBOS","1"
"KIAH","SBGR","7"
"EKCH","ESSA","14"
"PANC","RKSS","3"
"EPKT","EDDP","5"
"VOBL","OMDB","5"
"LHBP","EHEH","7"
"LHBP","LEBL","2"
"CYYZ","20II","3"
"LOWW","EDGJ","1"
"LIRF","LFML","2"
"LTBA","LSZH","2"
"KONT","RJBB","2"
"LGAV","LSZH","1"
"OMDM","LIRF","1"
"LKPR","UUWW","1"
"KSDF","CZBB","1"
"UDYZ","UUDD","3"
"CYEG","KSEA","6"
"EDDP","EGGW","13"
"LFPB","ELLX","2"
"OTHH","LTBW","8"
"TJIG","CT20","1"
"MROC","CYYZ","3"
"LFPG","UUEE","4"
"LFPG","LIMC","6"
"ELLX","UNNT","17"
"EGLL","KJFK","25"
"LTBA","OMDW","7"
"EGPH","EHAM","2"
"LEAL","EGSS","1"
"RJBB","EBBR","1"
"EGGW","ESSA","3"
"CYYZ","KIAH","11"
"EGLF","LFEJ","1"
"ESSB","UUWW","1"
"OMDB","OIKQ","4"
"EDDK","EGBB","2"
"EFTP","EDDN","1"
"EDDP","WSAP","1"
"EDDH","LOWL","1"
"VIDP","EDDK","5"
"VTBS","EDDM","1"
"KIAH","LFPG","1"
"EDDK","20II","3"
"YBCS","WMKK","1"
"CYYZ","KPHL","9"
"EDDF","MROC","3"
"EDDN","LHBP","4"
"KJFK","EHAM","8"
"LIPE","EHAM","2"
"EGLL","OTHH","27"
"YSSY","RJTE","7"
"OTHH","WSSS","9"
"KGSO","TXKF","1"
"ESSA","LEMU","1"
"TJIG","KORD","3"
"EBLG","FAGM","1"
"CYFJ","KBOS","1"
"EDDP","LFNR","3"
"EGKB","ESSB","1"
"VIDP","ENGM","1"
"EBBR","KEWR","2"
"EDSB","LHBP","1"
"TJSJ","KATL","1"
"CYUL","KEWR","5"
"EDDF","LIMC","17"
"EIDW","CYHM","1"
"LRBS","LKPR","1"
"LFPG","EGSS","16"
"EGLF","EGJJ","1"
"KORD","YSSY","1"
"TJIG","MDBA","1"
"EHAM","EDDT","7"
"LROP","ESSP","1"
"TJIG","KTMB","3"
"EVRA","LETO","1"
"OERK","KIAD","1"
"KBED","EGSS","1"
"KMKE","CYWG","1"
"LIME","EDDB","4"
"TJIG","KHOU","1"
"PAED","RJTJ","1"
"LSZB","LFBD","1"
"KCVG","LTBA","1"
"RPLL","LOWW","1"
"EBBR","LHBP","5"
"EFHK","ENGM","1"
"UMMS","LKPR","5"
"EDDK","CYHM","1"
"EDDV","ENGM","4"
"CYYZ","SKBO","1"
"EDDK","KHFY","1"
"RCTP","RPLC","3"
"RJGG","KJFK","1"
"LTBA","WMKK","2"
"RCTP","ESSA","1"
"LLBG","EINN","1"
"EDDF","HKMO","1"
"EINN","ENGM","1"
"KORD","EKCH","1"
"LFPB","LDZA","1"
"LGAV","OTHH","4"
"VHHH","WSAP","31"
"RJBB","EBLG","5"
"EDDK","ZGSZ","5"
"EPWA","ENUL","1"
"BIKF","KEWR","1"
"RKSI","UUDD","9"
"KDOV","EGVN","1"
"EGLL","OERK","1"
"EPWA","CYYZ","1"
"EDLW","LKPR","1"
"EDDK","EYRU","2"
"EBLG","EINN","1"
"LIMC","EYVI","1"
"RJTT","KSEA","1"
"EGBB","EDDK","3"
"EDLV","EHTE","1"
"CYYZ","LPFR","1"
"WBKK","RKSI","1"
"ETAR","VHHH","2"
"EKCH","SPOL","1"
"EDFH","KMIA","1"
"ZGSZ","LFQK","1"
"YSSY","VHHH","28"
"KIAD","YBBN","1"
"LTBA","LFPG","2"
"KORD","CYUL","22"
"YSSY","KSFO","7"
"OMDB","EDDP","4"
"RKSI","VIDP","2"
"RCTP","YSSY","6"
"KONT","VHHH","2"
"EBMB","EDDP","2"
"EHAM","EGNM","1"
"EBBR","LFBD","3"
"EDDM","LOWW","6"
"EGKB","LFPB","1"
"PANC","WSSL","1"
"VTBD","RJAA","1"
"KAPF","CYHM","1"
"VIDP","LFPG","2"
"EDDF","LIME","1"
"EGLF","LOLW","1"
"EHAM","KATL","18"
"LPPT","EGLL","7"
"RCTP","RKSI","31"
"EGCC","EDDB","1"
"CYYC","KSFO","4"
"KDFW","RJTT","3"
"EGGW","EDDP","5"
"VMMC","ZGSZ","8"
"EDDK","EYKA","1"
"UAAA","VHHH","8"
"PANC","ZGSZ","7"
"ZGSZ","UAAA","2"
"CYVR","EGLL","2"
"VMMC","RJOE","1"
"KDFW","OTHH","2"
"EHRD","EBOS","1"
"CYYZ","KBKL","2"
"VABB","OMAA","1"
"EBMB","KCVG","1"
"EDDN","LEMH","1"
"ESOW","LEMG","1"
"EINN","LFPG","1"
"EBBR","ENGM","2"
"UKBB","EDDB","1"
"LFHE","EDDV","1"
"LDZA","EDDS","2"
"RCTP","OMDW","3"
"EBBR","EDDP","24"
"LHBP","EHAM","3"
"EGSS","LEMD","6"
"ESSA","EFHK","24"
"KIAH","EDDF","5"
"KMSP","CYWG","3"
"LROP","OTHH","3"
"EHAM","EGNT","3"
"UUDD","LEBL","1"
"LFPG","LPBJ","1"
"MMNG","KDMA","1"
"CYVR","MMTJ","1"
"EDFH","SC32","1"
"ZGSZ","WSSS","3"
"LCLK","EDDK","2"
"ESSA","EKBI","1"
"SKBO","CYYZ","1"
"EDDK","EIDW","7"
"LIRF","EGLL","43"
"KCVG","EDDP","25"
"RJTT","YSSY","7"
"LSZH","LFPG","3"
"EYVP","EDDP","1"
"KFXE","TBPB","1"
"OTHH","KBOS","1"
"VOBL","OTHH","6"
"EDDF","LLBG","1"
"EKBI","EDDP","5"
"ETAR","EPWR","1"
"BIKF","EGBB","1"
"LSZH","OMDB","1"
"KJFK","LEMD","1"
"ETOU","EPPW","2"
"MROC","SBKP","1"
"SAEZ","CYYZ","1"
"LEZG","LKPR","1"
"KCMH","CEB8","1"
"KORD","RKSI","7"
"EBBR","OTHH","10"
"KATL","02PR","4"
"LEBL","KJFK","1"
"CYMX","4NY0","1"
"KBWI","CGL2","1"
"EDDV","EBLG","5"
"ESSA","VHHH","1"
"KSDF","OMDB","4"
"BIKF","LHBP","2"
"YSSY","EDDF","1"
"CYYC","ELLX","2"
"EDDS","LSZH","1"
"CYHM","07KY","1"
"LSGG","LGAV","1"
"LIMC","LFNR","1"
"LSZH","LICJ","1"
"EFHK","EBBR","1"
"LKTC","LOLF","1"
"CYUL","XS89","1"
"LEMD","ZGSZ","2"
"UUEE","LKPR","1"
"SKBO","EBLG","1"
"EBLG","LCLK","2"
"RKSI","CYVR","6"
"KMIA","MROC","15"
"OERK","EDDF","2"
"RCTP","RPLL","8"
"OTHH","KMIA","7"
"ELLX","OMDB","7"
"EBKT","EHRD","1"
"EHAM","LSZH","6"
"OTHH","EGCC","11"
"VABB","LTBA","4"
"FABA","EDDK","1"
"PANC","ZGGG","2"
"KDFW","CYVR","5"
"CYUL","VT01","2"
"KPHL","EGLL","2"
"TJIG","FD83","1"
"LMML","EDDP","2"
"KOPF","TJIG","1"
"EDDM","FABA","2"
"KIAH","EGPK","1"
"BIKF","KBOS","8"
"EHAM","FASI","1"
"RCTP","KLAX","24"
"EDDK","KSDF","8"
"YSSY","ZUCK","1"
"KMKE","EINN","1"
"EGLL","EDDH","2"
"LFRS","EIDW","2"
"LFML","LTAC","1"
"LEJR","EDDF","1"
"EIDW","EGGD","5"
"LIMC","LTBW","1"
"EIDW","EGPF","2"
"CYYZ","KLAX","7"
"KORD","EDDF","33"
"YSSY","RKSI","13"
"CYYZ","KMCF","2"
"ESSB","LSZH","1"
"EGSS","LIMC","6"
"EDDP","EVRA","1"
"LFPG","KATL","1"
"UMMS","EDDV","2"
"EDDL","EBBR","1"
"EHAM","OERK","1"
"KSDF","02PR","10"
"CYYJ","KSEA","7"
"RKSI","LOWW","9"
"LEMG","DAAG","1"
"20II","EGSS","1"
"CYYZ","LSZH","2"
"LFLL","EBLG","5"
"LFQK","EDDP","2"
"EPKT","EDDH","1"
"UUDD","LOWW","5"
"LFST","EDLN","1"
"KJFK","CYHM","3"
"VHHH","VOBL","1"
"CYYZ","49OH","2"
"OTBD","LSGG","1"
"LHFP","LOWW","1"
"MDPC","KJFK","1"
"LFBO","EBBR","1"
"EKCH","EPWA","1"
"RKSI","WBKK","1"
"OMDW","EHBK","1"
"EHEH","LZIB","1"
"EDDF","ESOW","1"
"KSTC","CYQG","1"
"ESSA","LTBA","1"
"KORD","EGLL","13"
"VTBS","EBOS","1"
"CYYZ","KSFO","8"
"VHHH","KHHR","3"
"EFHK","LEPA","1"
"CYMX","67KY","1"
"EDDP","LIMC","8"
"OERK","OMDB","13"
"LSMD","LFGA","1"
"LEMD","LDZA","1"
"TBPB","TJAB","1"
"KFLL","SBKP","3"
"YMML","WSSS","1"
"EDRY","LIPE","2"
"YBBN","WSSL","1"
"02PR","KHWO","1"
"EDDF","YSSY","1"
"VHHH","KJFK","1"
"CYUL","KORD","21"
"LTBA","EBMB","2"
"WSSS","EKCH","5"
"EKCH","EBBR","3"
"WSSS","VTBS","24"
"YBBN","NZAA","5"
"EDDP","LBSF","1"
"ESSB","EFHK","1"
"EHAM","LFPB","1"
"EDDK","LPPR","5"
"LFPG","KJFK","5"
"ELLX","OBBI","2"
"YPPH","RPLC","1"
"RCTP","VTBD","1"
"LDZA","EGLL","4"
"KSFO","VHHH","1"
"KFOK","CYYZ","1"
"VIDP","LEMD","1"
"LKPR","VTBD","1"
"KVNY","CYYZ","2"
"LEBL","LFPO","2"
"EPPO","EDFH","1"
"LTBA","KJFK","4"
"VHHH","LFPG","2"
"KSEA","RJTJ","1"
"EHEH","LPPT","1"
"OMAA","VTBS","1"
"ESGG","UUWW","1"
"LIRE","LTAD","1"
"LSZH","EDDL","7"
"EFHK","LSZH","1"
"VHHH","ZGGG","2"
"EIDW","EBLG","5"
"EDDP","LSGG","6"
"EGKK","UMMS","4"
"EDDF","VHHH","6"
"EDDP","EPKT","5"
"EDDP","LEMD","12"
"KBUF","CYUL","1"
"EDDP","UUEE","12"
"EHAM","LPPT","5"
"LFOK","KATL","1"
"NZAA","KHHR","2"
"OERK","EBLG","1"
"RCTP","RJGG","2"
"ESMS","EPGD","1"
"LEBL","EBBR","4"
"EBBR","LSZH","2"
"LOWW","LJLJ","1"
"EDDH","EHAM","2"
"ELLX","UAAA","2"
"EKCH","EBMB","1"
"UUEE","LSGG","1"
"KPHL","TJIG","8"
"VAJJ","KATL","1"
"EDDP","EGSS","5"
"EDDP","ENGM","4"
"RCTP","VTBI","1"
"RPLC","ZGGG","2"
"KSFO","CYYC","4"
"EGCC","EYKG","1"
"LTBA","EDDP","6"
"RJBB","UNNT","2"
"EETN","UUEE","2"
"LEMD","EGNX","5"
"EINN","EHAM","1"
"LGAV","EGLF","1"
"LEZG","UKKM","1"
"PANC","CYYZ","1"
"EGLL","LEMD","19"
"EKCH","ENGM","24"
"EGLL","KDFW","14"
"ESSB","EETN","5"
"EBLG","LFHX","1"
"EHAM","LDZA","5"
"LLBG","LPBJ","1"
"VTBS","ELLX","5"
"EDDF","LEPA","3"
"EBCI","EGSS","1"
"EBLG","LFBO","4"
"LKMT","LFPG","1"
"VOMM","WMKK","5"
"OTHH","ULLP","1"
"EBLG","LFPG","7"
"EGGW","ESSB","1"
"UUWW","EVRA","5"
"UAAA","EFTP","1"
"LPPT","CYUL","1"
"EBLG","LROP","5"
"OMDB","WSAP","1"
"UNEE","LOWW","1"
"VTBS","RCPO","1"
"EDDP","LFPG","18"
"BIKF","EGLL","9"
"VHHH","EDDP","20"
"CYYC","KDFW","7"
"KSEA","CRK2","4"
"LPPR","LSZH","3"
"EDDV","LEBL","1"
"EGGW","LROP","19"
"CYWG","KMSP","1"
"EGSS","EHEH","3"
"EFHK","EKCH","5"
"EGUN","KSUU","1"
"EHAM","VTBS","3"
"OBBI","EBBR","1"
"EFHK","EKRK","1"
"RJBB","VTBS","1"
"EDDM","EHAM","1"
"EBLG","LLBG","1"
"LMML","LFBO","1"
"EHAM","EIDW","14"
"UMMS","EDDF","1"
"OTHH","YSSY","19"
"EBBR","KCVG","5"
"EDDW","EBKT","1"
"MMNG","KTUS","1"
"EGCC","VHHH","2"
"EBLG","LEBL","5"
"OMDW","RCTP","4"
"UUEE","LFPG","1"
"EDDK","KPHL","5"
"LTAC","ENGM","1"
"VIDP","EPWA","1"
"EHAM","LTBW","3"
"RKSI","KVLL","1"
"CYYC","EHAM","2"
"CYHM","93OH","1"
"CYVR","67KY","1"
"NZAA","KSFO","1"
"OTHH","EGPH","4"
"LFBO","LE85","1"
"RKSI","CYYZ","1"
"RJBB","ZGSZ","4"
"KORD","CYVR","2"
"SBGL","LFPG","1"
"CYYZ","KHPN","1"
"LIPZ","LJLJ","3"
"LIRF","EDSB","1"
"LSZH","WSAP","2"
"WSSS","VOBL","1"
"VHHH","YMML","6"
"VCBI","YMML","2"
"EBBR","EDDH","1"
"LTBA","VOBL","2"
"LEAL","EHAM","4"
"LKKL","EBLG","1"
"EPWA","EIDW","4"
"LSZH","EPWA","2"
"CYYZ","KMCI","8"
"EBLG","LIMC","6"
"RJGG","WSSS","1"
"KWRI","LERT","1"
"OMDB","RKSI","2"
"EDDM","EBBR","2"
"EDDF","EBMB","1"
"CZBM","KSUS","1"
"EGLF","78MI","1"
"OTBD","LHBP","1"
"DAAG","LFPB","1"
"KIWA","CYXE","1"
"LOWW","EDDF","22"
"ZGSZ","WSAP","8"
"LEBL","EDDM","2"
"BIKF","EGNX","5"
"KMIA","EBLG","4"
"EGJJ","EGSS","1"
"EDDP","LFMY","2"
"CYYJ","KBFI","2"
"VECC","UDYZ","1"
"KDOV","EDDP","1"
"SKBO","KJFK","3"
"UUEE","EVRA","1"
"EGCC","LEMG","1"
"YBBN","VHHH","2"
"VHHH","UNNT","1"
"EICK","EBMB","1"
"VHHH","LSZH","1"
"EBLG","EGSS","7"
"EBBR","EGNX","10"
"RPLC","OTHH","1"
"VHHH","KORD","2"
"SBGR","KJFK","2"
"EDDK","LCLK","3"
"EDDN","LIMC","1"
"EGSS","EBBR","2"
"CYVR","KSDL","1"
"MMTJ","KCRQ","1"
"LEVC","LFLU","1"
"OMSJ","EGLF","1"
"EPWA","EBLG","2"
"CYVR","RJTT","2"
"VTBS","LFPG","1"
"OMDB","EBBR","4"
"SAEZ","SBKP","7"
"KLAX","VHHH","9"
"RJBB","RPLL","2"
"OTHH","VABB","10"
"EYVP","LKPR","1"
"KJFK","CYUL","7"
"KMIA","SBRJ","1"
"LJLJ","LOWW","1"
"LIRF","EDDL","1"
"MDBC","KILG","1"
"LFPG","EGNX","4"
"RPLL","PANC","1"
"MMMA","KIWA","1"
"LFPB","EGGD","1"
"SBKP","KTMB","1"
"KRSW","BIKF","1"
"WSSS","NZCH","1"
"LCLK","EPWA","1"
"OETH","OMDB","1"
"ESGG","EGLL","2"
"EDDM","LPPR","1"
"SBGL","EGLL","1"
"EYKA","ETNW","1"
"EKCH","LKKL","1"
"KJFK","EDDP","1"
"EDDP","LSZH","1"
"LTBA","EBBR","1"
"EGLL","LIRF","43"
"ENGM","EDDM","1"
"RPLL","VHHH","21"
"LEAL","ESGG","1"
"EDDF","LYBE","2"
"VTBS","WMKK","2"
"LSZH","EIDW","3"
"LTBA","LEBL","3"
"EDMA","LSGC","1"
"ESSA","EBBR","1"
"EDFH","KJFK","1"
"EKCH","EGSS","1"
"EBOS","LIMC","1"
"EGKK","EBBR","1"
"EGLL","ENKJ","1"
"UUEE","EDDB","2"
"LFBO","LTBA","1"
"LFGA","LSPH","2"
"EDDF","WSAP","1"
"EGNX","LFAU","1"
"KPHX","CYYC","1"
"LOWW","EDDK","5"
"OBBI","EDDP","10"
"KSFO","EDDF","1"
"UUEE","ENGM","2"
"KSAN","CYYC","1"
"VCBI","VHHH","2"
"EDDF","KSEA","4"
"CYYZ","EPWA","1"
"WMKK","LKPR","1"
"ESKN","LHBP","3"
"EDDF","VOBL","2"
"EHAM","LEZG","2"
"WMKK","VOMM","5"
"LOWW","LSZH","2"
"RPLL","WBSB","2"
"KDAL","MDBA","1"
"EFTU","ESCM","1"
"EHAM","FABA","2"
"EIDW","EGKA","1"
"LROP","EDDF","1"
"OMDB","LFML","1"
"OTHH","KLAX","1"
"KBOS","EGLL","7"
"WBSB","YMML","2"
"OTHH","EHAM","26"
"EGSH","EHAM","1"
"EIDW","LPPR","3"
"EHEH","EPPO","2"
"LTBA","LCEN","1"
"TJIG","KMCF","3"
"EGKK","RCTP","2"
"KJFK","ELLX","4"
"OTHH","LHBP","6"
"EGLF","EDTB","1"
"LRBS","KIAD","1"
"EDDK","EBBR","4"
"EKCH","EDDM","1"
"LEMD","LGAV","1"
"LEZG","OTHH","1"
"VHHH","ESSA","1"
"VOMM","ZGSZ","1"
"LROP","LZIB","1"
"EDDK","LSGG","1"
"KMIA","EGLL","8"
"LFLL","EGLL","3"
"EHAM","LOIR","1"
"KORD","LTBA","1"
"CYYT","KDOV","1"
"EDHL","KCLE","1"
"LSZH","VTBS","6"
"EFHK","UMMS","1"
"LFPG","LTBA","2"
"EDDF","ZGGG","1"
"YMML","WSAP","4"
"OMDW","EHAM","3"
"KSPI","CYUL","1"
"ZGSZ","UUDD","1"
"LTBA","UAAA","13"
"LTFJ","EDDP","5"
"RKSI","KIAD","3"
"LHBP","EDDS","1"
"BIRK","KORD","1"
"KBOS","CYHM","1"
"EFHK","ESSB","1"
"LOLS","EDXI","1"
"EGLL","OMDB","7"
"FAOR","VHHH","1"
"ZGSZ","RJBB","13"
"LKPR","UMMS","4"
"UNNT","VTBS","7"
"WSSS","RPLL","4"
"EBLG","EDDF","1"
"VTBS","EBBR","1"
"EDDM","EGDW","1"
"OBBI","OETH","3"
"LPPT","EGCC","1"
"OMDB","OERK","4"
"EGLF","KBOS","2"
"LHBP","LKVO","1"
"OMDB","OEDR","1"
"EDDW","LEMU","1"
"VOBL","EBBR","1"
"SLVR","KTMB","1"
"EINN","EDDP","1"
"EDDP","OBBI","21"
"KSEA","RJTT","4"
"EDDF","LTBA","10"
"LYBE","ESSA","1"
"LEMD","LIMC","9"
"KSEA","RJAK","1"
"LSZH","LYBT","1"
"EPWA","LSZH","3"
"EDDN","LTBA","2"
"RJTT","CYVR","2"
"SAEZ","KU42","2"
"WMKK","RJBB","1"
"LEJR","EBAW","1"
"LLBG","LHBP","1"
"WSSS","VMMC","1"
"CYUL","KFLL","7"
"KCVG","CZBB","2"
"EIDW","EGNX","6"
"MMTJ","KMDW","1"
"EBOS","LFQL","1"
"CYXE","KMSP","4"
"OTBH","LERT","2"
"LDZA","EBBR","2"
"EHAM","EDDM","2"
"EGCC","UKBB","1"
"LTBA","EDLP","1"
"CYOW","KHPN","1"
"EDDG","LSZH","2"
"EIDW","EGMC","1"
"KIAH","NZAA","1"
"KCRQ","MMTJ","1"
"UUWW","EETN","1"
"LFPG","EDDK","21"
"EGLL","RKSI","10"
"VHHH","OMSJ","1"
"KATL","EDDF","10"
"LYBE","EDDT","1"
"ZGSZ","RCTP","8"
"LEBL","LKMT","1"
"KBOS","TJIG","9"
"EETN","UMMS","2"
"RKSI","ZGSZ","13"
"KDOV","EBOS","2"
"LIRA","LDZA","1"
"EDDN","EBLG","4"
"EDDL","LOWS","3"
"LEMD","SAEZ","2"
"YSSY","OMDB","1"
"SBGR","LEMD","2"
"GOBD","LFPG","1"
"RPLL","RJTL","1"
"RPLC","YBBN","1"
"VABB","OMSJ","2"
"KFLL","EBAW","1"
"EDDF","VIDP","1"
"EDDT","EGSS","1"
"LEPA","UUDD","1"
"RJTT","KYIP","1"
"LSGG","EPWA","1"
"EIDW","EDDT","3"
"KIAH","RJTT","2"
"EBLG","EDDB","4"
"ETSI","LFBO","1"
"WMKK","NZAA","3"
"ELLX","EDDK","1"
"UUWW","LKPR","1"
"VHHH","VABB","2"
"EDFH","2TX5","1"
"VGTJ","OTHH","2"
"EGGW","BIKF","1"
"LFPG","SBGR","3"
"ENGM","LTBW","2"
"DAAG","EDDM","1"
"EDDB","BIKF","1"
"LSMD","EDTZ","1"
"LROP","EGPH","2"
"EPKK","EDDL","1"
"KCVG","ZGSZ","1"
"ZGSZ","EDDM","1"
"EFHK","LFPG","8"
"YBBN","OTHH","7"
"RCTP","PANC","45"
"LIMC","LEMD","4"
"GOBD","SBGR","3"
"ZGSZ","RKSI","7"
"ESSA","EKCH","15"
"EBBR","LEBL","3"
"OTBH","OMAM","2"
"EDDN","EINN","1"
"CYYC","KSDF","5"
"LEBL","OTHH","4"
"LTBA","EYVI","2"
"EGNX","BIKF","5"
"NZCH","YSSY","4"
"4FL8","EGJJ","1"
"VECC","VHHH","1"
"LEBL","EDFH","1"
"EBLG","EGCN","1"
"EGBB","EHAM","2"
"EHVK","EDLS","1"
"SLVR","KMIA","1"
"LFPG","RCTP","4"
"VHHH","EHAM","10"
"LIMC","EBLG","5"
"OTHH","LEMD","8"
"KPMP","CYYZ","2"
"UDYZ","VECC","1"
"LLBG","EPKT","1"
"RJBB","K2R2","1"
"EDLN","LIDF","1"
"EBLG","LOWW","3"
"EDDB","UAAA","1"
"EDDM","ENUL","2"
"LIRF","EDDT","2"
"OBBI","VOBL","1"
"LFML","EGTE","1"
"SKBO","SBKP","1"
"LTBA","EHAM","4"
"RPLL","RJAA","2"
"LEMG","EBAW","1"
"LROP","EGMC","2"
"MROC","KTPF","1"
"LIRF","EGSS","1"
"XS39","TJIG","1"
"LOWW","LFPB","1"
"VAJJ","WMKK","1"
"KFMY","CYYZ","1"
"ELLX","KSEA","1"
"SKBO","KATL","1"
"LHBP","LKPR","8"
"EGGW","LHBP","14"
"KCMH","TJIG","1"
"LKPR","EDMA","1"
"EDDW","EHEH","1"
"KLAX","EDDF","8"
"ELLX","EHAM","1"
"CYYZ","LKPR","3"
"OMAM","YAMB","1"
"LEMG","KBOS","1"
"EPWA","LKPR","1"
"LPPT","LIRF","1"
"EGGW","UKBB","1"
"UUWW","EDDP","1"
"NZAA","CYVR","5"
"OTHH","YPPH","10"
"LROP","EHEH","6"
"EGLL","KMIA","10"
"LPPR","EDDK","5"
"ESSA","LFPG","7"
"LROP","EGCN","3"
"KJFK","TJIG","7"
"KCVG","CYVR","3"
"EDNG","LSMD","1"
"LTAE","ETOU","1"
"EDDM","EYVI","1"
"EINN","OEDR","1"
"LSGG","LKKL","1"
"LIRF","EHAM","1"
"EDLN","EHGG","1"
"ELLX","LFBO","1"
"LPPR","EDDM","1"
"RJTT","VHHH","1"
"KSAN","MMTJ","5"
"05IN","CYYZ","2"
"WSSS","KLAX","3"
"LSGG","LKTB","1"
"UKBB","EDDS","1"
"EDDL","LIRF","1"
"VOBL","VHHH","2"
"LFLI","ELLX","1"
"OMSJ","WSAP","5"
"VHHH","VTBT","1"
"07KY","EDDK","1"
"LSZH","ESSB","1"
"MI26","CYQG","1"
"CYYZ","KMCO","1"
"VABB","OMDB","6"
"KATL","CYYZ","11"
"LTBA","ENGM","1"
"WMKK","WSSS","7"
"PANC","RKSI","59"
"EDDP","LTBA","9"
"MDPC","EDDF","3"
"EDDP","LHBP","10"
"KONT","RCTP","1"
"EGPH","LROP","2"
"SAEZ","14FA","1"
"EBLG","EIDW","5"
"EDDL","LDZA","1"
"EGSS","20II","1"
"VTBD","RJBB","1"
"KJFK","MDBG","1"
"LPPT","SBGR","4"
"EDDS","LDZA","2"
"CYYZ","KUZA","1"
"VGZR","LTBA","1"
"OTBH","EDFH","1"
"EYKA","LTBA","1"
"ETAR","EPPO","1"
"KSEA","CMF2","1"
"LEMD","RKSI","1"
"LEBL","EGKB","1"
"EGLL","CYYZ","16"
"EIDW","EPWA","4"
"KJFK","BIKF","1"
"YMML","WMKK","4"
"SAEZ","LSZH","2"
"WMKK","EHAM","3"
"RJTT","EFHK","2"
"LLBG","LBWN","1"
"LKPR","LQBK","2"
"EGLL","RJAA","2"
"LJLJ","EBLG","1"
"VTBS","OMDB","3"
"KTEB","SKBO","1"
"OTHH","VIDP","3"
"KPHX","CYVR","2"
"01FA","02PR","1"
"EFHK","LZIB","1"
"LGAV","LEPA","1"
"LOWW","LTBA","2"
"DAAG","EGKR","1"
"EGJJ","EGHH","1"
"WSSS","YSSY","31"
"RJBB","VHHH","26"
"EPWA","EYRU","3"
"RJTT","KIAD","1"
"EGLL","KBOS","7"
"OERK","OMAA","2"
"KJFK","CYYZ","13"
"EBBR","LEMU","2"
"KCVG","CYMX","9"
"EIDW","LOWW","3"
"WMKK","YMML","5"
"EYKA","EVRA","2"
"WSSS","EDDF","4"
"VHHH","UNCC","2"
"SAEZ","LFPG","2"
"KATL","LTBA","2"
"UMMS","LSZH","1"
"FABB","EHAM","1"
"LSGG","LPPT","1"
"LYBE","LDZA","4"
"LEVC","EGLL","2"
"VTBS","NZCH","1"
"EIDW","EBCI","1"
"VABB","KATL","1"
"EHAM","LTBA","2"
"EYKA","EDDK","3"
"KATL","LFPG","1"
"UAAA","EDFH","2"
"CYYZ","TBPB","2"
"LSZH","EDDT","5"
"EDDF","EHAM","18"
"LSZH","LKPR","1"
"LIRF","EBLG","1"
"LKPR","LSZH","3"
"BIKF","EBLG","6"
"EINN","CYUL","1"
"EGSS","EPMO","2"
"EHRD","EICK","1"
"EDDF","UNCC","1"
"ESSB","ENTS","1"
"EPMO","EGSS","1"
"TJIG","KEFD","1"
"EDDN","OMSJ","1"
"EGJJ","LFPB","1"
"EBAW","EGKB","1"
"ESSA","VTBD","1"
"CYHM","TXKF","1"
"CYYZ","TXKF","1"
"EGSS","EPRJ","1"
"VTBS","EPWA","2"
"MDPC","KPWK","1"
"LJLJ","LIRF","1"
"PANC","RCTP","28"
"KSAN","CYVR","1"
"LOWW","LIMC","5"
"KPHL","02PR","6"
"CYHM","KBUF","2"
"KSDF","EDDK","10"
"CYYZ","KEWR","12"
"LTBA","KMIA","1"
"LMML","LIRF","3"
"EGBB","ELLX","1"
"EDJA","LSZH","1"
"YMML","EDDF","1"
"OMDB","VTBS","1"
"EDVK","LPPT","1"
"LSGG","EHBD","1"
"EDDK","LFNR","2"
"EGKK","EGJA","2"
"UAAA","6AK2","1"
"EBLG","EFTU","1"
"EGPH","LIRF","1"
"RKSI","LHBP","3"
"LPPT","EGSS","8"
"KORD","02PR","3"
"EDDP","LOWL","4"
"EGCC","LZIB","1"
"LEMG","ESSA","4"
"LFPG","EINN","1"
"ELLX","SBKP","1"
"EDDK","LFPG","20"
"EPWA","EGPH","1"
"CYYC","KORD","8"
"UNNT","PANC","2"
"LFOT","EGGD","1"
"VTBS","RJTE","10"
"LYBE","UUWW","1"
"CYYZ","MROC","1"
"LFBD","EDRZ","1"
"LEBL","LKPR","1"
"EKCH","WSSS","1"
"CYYZ","LKKL","1"
"VHHH","RJBB","26"
"ESMS","EFHK","4"
"LIMC","EVRA","1"
"ESKN","EKRN","1"
"KDFW","CYYC","7"
"LEBL","EGGW","1"
"EINN","KL65","1"
"KPIE","CYKZ","1"
"EGSS","EHBK","2"
"LEMD","EKCH","1"
"KMCF","02PR","1"
"EGGW","EHRD","1"
"OTHH","LDZA","1"
"RKSI","LFPG","4"
"ENGM","EPRJ","1"
"LEMD","SKMA","1"
"EPGD","EDDB","1"
"VMMC","ZUCK","1"
"VHHH","VIDP","1"
"OMDB","EGLL","7"
"EGCN","EDDF","2"
"LIRF","LFPG","10"
"KORD","EBOS","1"
"CYYZ","EGKK","2"
"CYOW","KONZ","2"
"EGBB","LROP","3"
"LROP","LPPT","1"
"EGUN","DE09","1"
"CYUL","KLCK","1"
"EETN","ESSB","5"
"KLAX","YBBN","1"
"SKMA","KSAN","1"
"DAAG","EGKB","1"
"KATL","CYUL","3"
"DAAG","EBBR","1"
"VTBD","LKPR","1"
"LFBO","ETSI","1"
"EGJB","EGNX","1"
"EDDL","EBMB","1"
"VHHH","71KY","1"
"EDWF","EFTU","1"
"CYLS","KTEB","1"
"LPPT","EIDW","4"
"KBOS","CYUL","5"
"CYVR","KSEA","35"
"EDDK","LTBW","4"
"WSSS","VHHH","60"
"LSGG","LCLK","1"
"CYVR","RJAA","1"
"EHAM","LEMG","1"
"KSEA","CAM3","3"
"EDDW","ELLX","2"
"EGKK","LEMG","1"
"LPPR","EGLL","3"
"OTHH","LKPR","4"
"EGNX","71KY","2"
"LTBA","LKVO","1"
"FD20","CZBM","1"
"OTBD","YPPH","1"
"LTBA","VOMM","1"
"EPMR","LKBR","1"
"KMDW","TJIG","1"
"LSGC","EBOS","1"
"KBUR","CYYZ","1"
"EDDM","LIRF","3"
"ESGG","EKCH","6"
"EGSS","EDDF","9"
"EVRA","UUWE","1"
"LPFR","EGKK","1"
"LEPA","LFPB","1"
"EDDF","GVAC","4"
"VHHH","RJGG","1"
"EDDB","EIDW","4"
"SKBO","EDDF","2"
"LICJ","LTBA","1"
"EDDT","EKCH","1"
"LKBU","LYBT","1"
"EGLL","VIDP","2"
"KATL","SAEZ","1"
"UUWW","LSGG","2"
"ELLX","LEPA","1"
"EHAM","EGSS","2"
"LTBA","KATL","1"
"LIRF","KJFK","7"
"EDDF","RKSI","23"
"EDDS","BIKF","1"
"OBBI","OMDB","20"
"OTBD","LPPT","1"
"EDDF","OMSJ","2"
"SBGR","EGLL","6"
"LHBP","OTHH","4"
"ELLX","EGNS","1"
"LEBL","LMML","1"
"EDDF","KIAH","2"
"CYKZ","KCLE","1"
"KIAD","LEMD","1"
"KIAH","ELLX","3"
"FACT","LMML","1"
"LIRA","EGSS","1"
"RKSI","RCTP","34"
"LKPR","OTHH","8"
"EPWA","EGLL","29"
"ETAR","OMDW","1"
"RKSI","ZGGG","8"
"KDFW","02PR","2"
"LIMC","RKSI","8"
"RJTT","KLAX","2"
"LSZH","EGHH","1"
"RJTT","KJFK","1"
"EGPH","EKRK","1"
"TJIG","XS39","1"
"PANC","WSAP","1"
"EGCC","LSZH","2"
"LHBP","EDSB","1"
"EDDM","EBMB","1"
"EDDF","LEMG","1"
"EDDF","EYVI","1"
"OMDB","LFPG","13"
"LEMD","OTHH","4"
"EVRA","EYKA","1"
"LTBA","EDDK","2"
"OMSJ","LSGG","1"
"EDDH","LETO","1"
"EYKA","EBLG","1"
"KMSP","CJL5","2"
"LIMC","EGKB","1"
"UAAA","RCTP","1"
"KLAX","OTHH","1"
"EPWA","EYKG","1"
"EGSS","EYVI","1"
"LIMC","EGGW","1"
"OMDW","OETH","1"
"ELLX","LFPN","1"
"EBLG","OTBH","1"
"KJFK","OTHH","3"
"LFPG","VHHH","3"
"WMKK","RKSI","7"
"KDTW","CYYZ","9"
"EDDF","KDFW","1"
"EGTF","EBLG","1"
"RCTP","RJTT","1"
"LYBE","EBBR","1"
"KPHX","CYYZ","2"
"ESSA","LDZA","1"
"OMDB","EDDK","11"
"EDDP","LFBD","2"
"LIRF","OTHH","4"
"EETN","EDDF","3"
"ZGSZ","VTBD","1"
"RJTK","VTBS","1"
"EBBR","FABA","1"
"EGSS","EBCI","1"
"LEPA","ESGG","1"
"LGAV","LSGG","1"
"EGLL","EDDM","8"
"VTBS","RCTP","27"
"KLAX","CYYZ","8"
"KPHL","CYUL","5"
"UAAA","OTHH","1"
"KEWR","TJIG","6"
"EDDF","EBBR","13"
"TJIG","KCVG","4"
"VHHH","KSFO","1"
"EGNX","LHBP","1"
"WMSA","VTBD","1"
"VIDP","LTAC","1"
"OMDB","UUDD","1"
"LIMC","KORD","3"
"CFQ7","KIAH","1"
"CNP7","NY59","1"
"ENBR","EPWA","3"
"EDDF","LEMD","12"
"LIMC","EDDK","7"
"TXKF","02PR","1"
"EHAM","EDDK","1"
"RJBB","KOAK","5"
"TJIG","KBOS","4"
"LIME","EDDN","4"
"LFPG","LGAV","3"
"RCSS","RJTT","9"
"EGSS","LRSB","1"
"LIPE","EBLG","1"
"EHAM","LSGG","3"
"EGSS","UAAA","1"
"CYYJ","KCLM","2"
"KIAH","CRK2","1"
"48II","CYHM","1"
"OTBD","CYUL","1"
"OERK","LTBA","1"
"LTBA","OEDF","1"
"GOOY","GVNP","1"
"EKOD","LKKL","1"
"FABB","EBMB","1"
"LGSM","EDDH","1"
"LKKB","EPWA","1"
"OTHH","LOWW","4"
"LSGG","LEMD","3"
"CYEG","WN35","1"
"OTHH","EBMB","2"
"RKSI","KSEA","5"
"UAAA","LEZG","1"
"EDDS","EGKB","2"
"ETAR","LERT","1"
"KNGU","LERT","1"
"KSFO","VIDP","3"
"TJIG","KEWR","3"
"LPFR","EGCN","1"
"GOBD","KIAD","1"
"EDMA","EGTK","1"
"OBBI","OMSJ","1"
"YSSY","NZAA","23"
"EDDN","LTFJ","1"
"KMIA","SKBO","14"
"UUDD","EHAM","2"
"SAEZ","KMIA","4"
"ESSA","ENUL","1"
"RKSI","WSSS","11"
"OBBI","EDDF","2"
"RJTT","KATL","2"
"EVRA","LEBL","1"
"LHBP","LTBA","4"
"YSSY","WMKK","14"
"LSZH","EDGB","1"
"LEBL","SBGR","2"
"LEMG","ESSB","2"
"ESSA","EKRK","1"
"LHBP","LFPG","1"
"EPWA","LCLK","2"
"YSSY","LSZH","1"
"WMKK","RPLL","2"
"FABB","OMDB","1"
"LDZA","EHAM","5"
"EGLL","LDZA","4"
"RKSI","KYIP","4"
"EDDF","KORD","31"
"RKSI","RPLL","12"
"EGLF","LFML","1"
"KORD","LFPG","5"
"VHHH","LHBP","2"
"LFML","EGLL","4"
"ESGG","EDDK","1"
"KJFK","RJTT","5"
"LIME","EDDK","5"
"UUEE","LTBA","2"
"EDDP","OTBH","1"
"EBOS","EHMZ","7"
"LOWW","EBLG","4"
"UAAA","LROP","1"
"KMTC","CYPT","1"
"YSSY","RCTP","5"
"EGGW","LIPZ","1"
"WA88","CYNJ","1"
"OMDB","FARA","1"
"EGHI","EGJJ","1"
"LZIB","EFHK","1"
"EGNX","KCVG","7"
"LEMD","EGCC","1"
"EDDF","SAEZ","3"
"OTHH","LSZH","7"
"ELLX","LFSK","1"
"LSZH","EGLL","12"
"EGSH","EDVK","1"
"KFLL","CYYZ","10"
"KLAX","LIMC","1"
"LROP","EBBR","1"
"KORD","EBLG","4"
"LIMC","LTBA","3"
"BIKF","EGCN","1"
"EKRK","EGPH","1"
"01FA","TJIG","2"
"LHBP","ESKN","2"
"EDDN","LEBL","2"
"EDNX","LOWS","1"
"EGCC","LFBD","1"
"CYOO","9WS2","1"
"EDDF","LPPT","8"
"EDDM","LSZH","8"
"YMML","LLSD","1"
"ESSA","EBLG","4"
"LRBS","LLBG","1"
"KATL","RKSI","4"
"UMMS","EGGW","2"
"LFJL","EDDC","1"
"KOAK","YSSY","2"
"WMKK","VTBS","2"
"EDDS","EHEH","1"
"LFBD","GOBD","1"
"EGNX","EGJJ","2"
"LOWW","EIDW","3"
"ESTA","EGLF","1"
"LEAL","EDDH","1"
"EGPH","EDDN","1"
"SBGR","SKMA","1"
"UUWW","EYVK","1"
"LSGG","UUWW","1"
"PANC","CMF2","1"
"KDOV","EBLG","1"
"EDDF","EHRD","1"
"LIRF","LJLJ","1"
"KDFW","CYYZ","5"
"UKBB","LTBW","5"
"OTHH","VCBI","9"
"UAAA","EDDF","1"
"ELLX","EGTK","1"
"OTHH","EINN","1"
"SAEZ","EDDF","2"
"CYMX","KSDF","5"
"LOWW","LEMD","2"
"WSSS","EHAM","4"
"EDDK","LKPR","5"
"ENZV","EKCH","5"
"VTBS","OMDW","2"
"LOWL","EKCH","1"
"KBLM","CYYZ","1"
"ESSA","KEWR","2"
"LEMD","EGSS","7"
"LOWW","EGKB","1"
"KBOS","EGAA","1"
"VIDP","RJTE","7"
"EPKT","EDDK","5"
"EDSB","LFJL","1"
"LFML","LIME","1"
"WSSS","RJTE","2"
"LFPG","EGPH","3"
"KSEA","CYYJ","4"
"LEMG","RPLL","1"
"LFPB","EBLG","1"
"USSS","VIDP","1"
"LSGG","LFLY","1"
"LOWW","LEPA","1"
"LJLJ","EHLE","1"
"EHAM","KEWR","8"
"MM38","KMFE","1"
"LLBG","EGAA","3"
"KORD","EIDW","8"
"EGLF","LEMG","2"
"CYVR","VHHH","5"
"EGLL","WSAP","6"
"UAAA","EDDB","1"
"EGGW","OTBD","1"
"LKPR","KBOS","1"
"EDQG","LOWW","1"
"ELLX","KORD","2"
"LGAV","UAAA","3"
"CYYC","KDTW","1"
"LEMD","EBMB","1"
"LZIB","EDDP","11"
"ESSA","EDDP","5"
"LEMD","EGLL","18"
"OTHH","ZUCK","2"
"SBGR","LPPT","5"
"RKSI","ELLX","3"
"VHHH","YBBN","4"
"KMIA","SKMA","26"
"VHHH","VECC","2"
"LTBA","OERK","2"
"LSZH","EBBR","2"
"ELLX","LFST","1"
"TJIG","01FA","1"
"UAAA","LFPG","1"
"EGSS","LIME","1"
"VCBI","UDYZ","2"
"LHPA","EHEH","1"
"EDDF","EIDW","10"
"EDDP","EBMB","4"
"EGKK","LROP","5"
"OTHH","LIMC","4"
"KIAD","GOBD","1"
"EGLL","SBGR","5"
"KMCI","EHAM","1"
"YBBN","WSAP","1"
"EHAM","EBBR","4"
"LKPR","LGIO","1"
"KORD","UUEE","5"
"RJBB","YSSY","1"
"ELLX","OMDW","6"
"LEMG","EDDS","1"
"KEWR","02PR","6"
"YSSY","NZWN","1"
"RKSI","YSSY","5"
"VCBI","VTBD","1"
"EBLG","LEZG","1"
"RCTP","YBBN","5"
"KBLI","CZBB","1"
"KSDL","CYYZ","1"
"OMDW","OTBH","1"
"VTBD","EDDN","1"
"FACT","EDDM","1"
"EHAM","EGGW","2"
"CYVR","KPDX","1"
"SBKP","KMIA","10"
"KSEA","CYVR","34"
"TJIG","KATL","5"
"EDDP","EYVP","2"
"EHAM","KORD","19"
"EHAM","ESSA","8"
"LROP","EBLG","5"
"KAPF","CYYZ","3"
"EBBR","OMSJ","4"
"SBGR","EDDF","5"
"NZAA","WSSS","2"
"PANC","RCSS","2"
"KSEA","EGLL","7"
"LBWN","EDDN","1"
"OTHH","VMMC","2"
"KEWR","EBBR","3"
"EKRK","ESML","3"
"KSEA","CFH8","1"
"EBLG","LIPE","2"
"CYHM","EDDK","1"
"EBMB","GOBD","1"
"LEZG","ENGM","1"
"LTBA","LEMD","4"
"EBBR","LIDF","2"
"KVLL","CYQG","1"
"EDDH","EGLL","2"
"OMDW","LIRF","1"
"LLBG","LFPG","1"
"EDDP","EGAA","1"
"UUWW","EIDW","1"
"EDDM","OTHH","11"
"EDDC","LFEU","1"
"EGKK","EGJB","6"
"EDDM","UKBB","1"
"EIDW","EGBB","15"
"EINN","KATL","2"
"EBLG","ESGG","4"
"LPPT","EDDL","3"
"EGTK","EDMA","1"
"UMMS","EDDM","3"
"EHEH","LHBP","7"
"LTFJ","EBLG","6"
"EBLG","OETH","2"
"EHBK","OTHH","5"
"LEBL","EGLL","8"
"CFQ7","KMSP","4"
"EDDF","LJCE","1"
"LIRF","LEMD","2"
"LEBL","UMMS","1"
"EGLL","LIMC","2"
"CYUL","LPPT","1"
"LEMD","LOWW","1"
"LEPA","EGLF","1"
"OMDW","WSSS","1"
"EDVK","LSZH","1"
"KATL","ELLX","1"
"VHHH","RCTP","102"
"VHHH","LTBA","3"
"SBGL","EHAM","1"
"EDDM","EBLG","3"
"LGAV","EDDM","4"
"EDDH","ENUL","2"
"WSAP","VTBS","1"
"ELLX","LFJL","2"
"EDDK","ESMS","9"
"EGKB","LIMC","1"
"EDDP","LIPE","5"
"OTHH","FABA","1"
"ESML","EKRK","1"
"RJTT","WSSS","6"
"WMKK","YBBN","1"
"LYBE","LQJL","1"
"YSSY","UT13","1"
"KAPF","CEB8","1"
"KMSP","CYXE","4"
"LEVC","EKRK","1"
"LZIB","EIDW","1"
"LSGG","EGGW","1"
"KPAE","RJTT","1"
"WMKK","LTBW","1"
"EHGG","EDKB","1"
"CZBM","KROC","1"
"EDDF","MDBG","1"
"ESMS","ENGM","5"
"KOPF","CYYZ","3"
"VTBS","VIDP","6"
"LPPT","EHAM","3"
"EIDW","LFLL","3"
"EFHK","EGLL","14"
"EDDP","EGLL","4"
"EDDM","EKOD","1"
"OERK","EHBK","1"
"EGPH","BIKF","1"
"CYUL","KLGA","1"
"ESSB","LEBL","1"
"LFPG","GMMB","1"
"UUDD","LIMC","2"
"LIRF","OMDM","1"
"KMIA","SBVT","1"
"ZGSZ","LEMD","2"
"EDDP","EKCH","12"
"EBBR","OBBI","2"
"LEZG","KLAX","1"
"EDDF","EFHK","3"
"LFPG","KPHL","1"
"EGFF","LEMG","1"
"LSZH","LEVC","1"
"BIRK","EGKB","1"
"LFBD","LEMD","1"
"EBLG","KIAH","1"
"ESSB","LKVO","1"
"LSZG","EGLF","1"
"LSZH","EHAM","6"
"LLBG","EGLL","15"
"UUWW","LZIB","1"
"PANC","RJBB","23"
"UUEE","UMMS","3"
"OMDB","OBBI","23"
"EGLF","OMAD","1"
"KORD","EDDK","1"
"EBLG","OMDB","4"
"VCBI","OTHH","10"
"EDDM","EKCH","1"
"LJLJ","LIMC","5"
"EPGD","EDDP","5"
"EDDS","LYBT","1"
"SAEZ","EBLG","1"
"VHHH","EGCC","1"
"KSEA","EDDF","2"
"EGSS","LEBL","1"
"EHRD","LMML","1"
"VOBL","OBBI","1"
"GOBD","OMDB","1"
"HKMO","LIMC","2"
"EHAM","VIDP","1"
"LOWW","UUMO","1"
"CYYC","KDEN","1"
"VMMC","VHHH","2"
"EKRK","EDXJ","1"
"LSZH","EDDM","6"
"SBGR","KATL","5"
"KEWR","EGLL","9"
"UAAA","LKPD","1"
"KSFO","RKSI","16"
"KSFO","EIDW","1"
"OMDB","VHHH","30"
"LSGG","LOWW","1"
"SKBO","KTMB","3"
"EDDP","UUWW","2"
"RJBB","KUTA","3"
"VHHH","KCVG","6"
"CYVR","KSFO","14"
"UAAA","LGAV","4"
"VAJJ","EDDK","1"
"OMDW","LTBW","5"
"LFML","EDDP","6"
"EDDN","OMAA","1"
"LEMD","VIDP","1"
"YSSY","RJBB","1"
"EETN","UUWW","1"
"OMDW","EDDB","1"
"CNJ3","KCBF","1"
"EGUN","ETAR","1"
"LLBG","UKBB","1"
"OTHH","KATL","1"
"KMIA","ELLX","2"
"BIKF","KJFK","1"
"KLGA","CYYZ","13"
"CYOW","KORD","2"
"ELLX","KDFW","1"
"EDWF","EHGG","2"
"EGVA","MO08","1"
"EDDK","VHHH","8"
"LIRF","RPLL","1"
"RJTT","KDFW","1"
"LEPA","EDDF","3"
"KDTW","CYOW","2"
"LERT","ETAR","4"
"EGLF","RKSS","1"
"TBPB","KFLL","1"
"EPWA","WSSS","1"
"LEMD","UUEE","2"
"EDDK","LIPZ","5"
"LMML","EHAM","2"
"KCLM","CYYJ","1"
"KOPF","CYUL","1"
"RJTK","VIDP","1"
"LYBE","LKVO","1"
"RJTT","RCSS","9"
"RCTP","WMKK","6"
"EDDF","OMDB","12"
"LIMC","EGSS","3"
"CYUL","LFPG","10"
"ESSA","EDDF","8"
"EDDM","EIDW","3"
"OTHH","EKCH","7"
"LSGG","LFPB","3"
"EHAM","KIAH","2"
"KIAH","CYUL","2"
"CYYZ","78MI","8"
"SAEZ","SKBO","3"
"EDDT","LIRF","2"
"LEMD","EHAM","4"
"RJBB","ZGGG","3"
"UAAA","UNNT","1"
"LSZH","EGCC","2"
"OMDB","OTBD","1"
"CYVR","KAPA","1"
"LOAN","EDPW","1"
"EBLG","LTBA","1"
"LSZH","OTHH","7"
"TJIG","KJFK","2"
"VHHH","RKSI","46"
"LSZH","EPGD","1"
"KTPA","02PR","11"
"RKSI","LKPR","1"
"VTBS","EYRU","1"
"EBMB","EDDF","2"
"CYOW","KPHL","3"
"LLBG","EDDF","3"
"EDDP","LFOK","1"
"PANC","RJGG","1"
"KIAH","LPFR","1"
"CYYZ","KAKH","1"
"LZIB","LOWW","1"
"KMIA","EHAM","15"
"OMDW","VOMM","1"
"EDDP","LROP","5"
"LDZA","LYBE","3"
"KMIA","SBKP","20"
"KILG","02PR","1"
"OMSJ","LGIR","1"
"LEZG","UAAA","2"
"OERK","OBBI","13"
"KBLI","CYPK","1"
"CYYZ","KSDF","4"
"EINN","EDDN","2"
"KSEA","RCTP","7"
"EGSS","EDDV","1"
"LFBD","EGKB","1"
"EDDW","LFBO","3"
"LFBO","LEGT","1"
"OTHH","LROP","3"
"KDFW","EDDF","5"
"FAGM","SBGR","1"
"EDFB","LKKL","1"
"LKPR","EDDL","1"
"GVNP","EINN","1"
"KORD","CYYC","8"
"LEMG","CYUL","1"
"LEMD","EDDP","12"
"ZGSZ","VHHH","1"
"KLAX","RCTP","25"
"UMMS","UUDD","4"
"KDTW","CHF2","3"
"RCTP","WSAP","11"
"EGLL","WMKK","8"
"EGJJ","EGNX","4"
"LSGG","EDDF","8"
"EBBR","EIDW","1"
"LFPO","LEBL","2"
"CYYC","KIAH","1"
"WIHH","WSSL","3"
"6TE1","MMRX","1"
"EDDF","KJFK","1"
"CYYC","KDET","1"
"CEB8","KRSW","1"
"EGLF","EHAM","1"
"LIMC","VHHH","4"
"EDDS","LKKL","1"
"RCTP","KSFO","7"
"OMDB","LHBP","2"
"LFBO","EDDW","3"
"SBGR","KIAH","7"
"LFPG","RKSI","6"
"UAAA","EPWA","3"
"ENGM","EDDV","5"
"LIRF","LEMG","1"
"CYVR","PANC","2"
"SLVR","LFPG","1"
"EGTK","EGJA","1"
"KPHL","CHF2","1"
"ESTA","ENTS","1"
"LSZH","EDPT","1"
"RPLC","ZGSZ","4"
"UUEE","EPWA","2"
"UUWW","LRBS","1"
"SBGR","OTHH","2"
"PN18","CYQG","1"
"EHAM","LIMC","1"
"GMMN","LEMD","1"
"KNGU","EDFH","2"
"EFHK","RJTT","5"
"KCVG","EGNX","8"
"EDDF","LFPG","20"
"EDDK","KEWR","5"
"KWRI","ETAR","6"
"EFHK","LTBA","2"
"LSGG","LIRF","5"
"LEVC","EDDL","1"
"LOWW","OMSJ","1"
"LPPT","EDDN","1"
"KDEN","CYYZ","4"
"EGNX","EIDW","7"
"EGCC","LPPT","1"
"LEMD","EDDK","12"
"EGKB","EDDB","1"
"EDSB","LEIB","1"
"ENGM","KJFK","1"
"ETAR","KNGU","1"
"OTHH","KDFW","3"
"LFPB","LJLJ","1"
"EHAM","CYYC","3"
"LFPG","LHBP","1"
"FAGC","EHAM","1"
"VHHH","VTBS","49"
"KJFK","EBLG","13"
"ULLI","EFHK","2"
"KIAD","RKSI","3"
"EPKT","EBLG","5"
"EBLG","ESSA","5"
"LSZH","LIRF","5"
"KCVG","RJAA","1"
"EKBI","ESMS","4"
"EBLG","LFSW","1"
"SBGR","KMIA","8"
"LPPT","LEMD","2"
"RPLL","WMKK","3"
"LEMG","EDDL","2"
"EDDV","EGSS","1"
"UUDD","EDDP","1"
"LRSB","LHBP","1"
"LEBL","ESSB","1"
"KDEN","CKA8","1"
"CYHM","EGGW","1"
"EDDV","EKRK","1"
"KDEN","CYVR","5"
"KSFO","RJTT","3"
"OMDW","LTBA","5"
"EDDP","LZIB","7"
"RJTT","EGLL","7"
"LJLJ","EDDK","1"
"CYVR","KDFW","4"
"ETAR","LIPA","1"
"EDDK","OMDB","7"
"KSFO","EGLL","5"
"LLBG","KEWR","7"
"K7L8","ELLX","1"
"EGVN","GOBD","3"
"LFOT","LSGG","1"
"BIKF","EGSS","1"
"YSSY","ZGSZ","1"
"EDVE","LOWK","1"
"LROP","LHPA","1"
"EFHK","VTBS","2"
"UUEE","WSAP","1"
"LEMG","EGKB","1"
"EDDF","UNNT","4"
"KBWI","02PR","8"
"EDDK","EGNX","25"
"ESMS","EBLG","4"
"VHHH","OBBI","7"
"VHHH","CYVR","5"
"EGLL","LFPG","14"
"WSSS","VCBI","1"
"KMSP","EHAM","2"
"EGSS","LPPT","8"
"LKPD","EDDP","1"
"YSSY","LOWW","1"
"UUEE","LEZG","1"
"SBKP","SKBO","2"
"ESSA","LKTB","1"
"EDXQ","EHBK","1"
"LFPG","SBGL","1"
"VIDP","OMAA","1"
"WSSS","NZAA","1"
"EFTU","EYVI","1"
"RPLL","RJTT","4"
"ENGM","OTHH","10"
"LFPG","EDDF","17"
"EHAM","EGLL","15"
"KIAD","EGLL","5"
"TJSJ","KJFK","3"
"YMML","OMDB","5"
"EGNX","EDDK","30"
"EGLL","LSZH","11"
"LSGG","EDDP","5"
"LIRF","EDDM","3"
"EDFH","LICZ","1"
"YMML","VTBS","1"
"OMAA","EDDF","1"
"VCBI","WSSS","1"
"LKPR","EGSS","1"
"CYYB","KPIE","1"
"ESSD","EDDN","1"
"EKYT","ENGM","1"
"LGAV","EDDP","1"
"EGSS","EYVP","1"
"KATL","RJTT","1"
"EGNX","EGJB","4"
"KMIA","CYYZ","1"
"CYYZ","KFLL","5"
"LROP","EHAM","3"
"RCKH","RJAA","1"
"RCTP","KSEA","3"
"ELLX","SBGL","2"
"LFPG","KORD","6"
"LSZH","LEBL","1"
"EPWA","UKKK","5"
"LERT","KNGU","3"
"LTBA","UUEE","2"
"OEDF","VHHH","4"
"EDDK","LFMY","3"
"RKSI","RJBB","19"
"LEBL","EGSS","1"
"CYMX","K7L8","2"
"EDDB","LEVC","1"
"EDDL","LEMG","2"
"CZBB","KBLI","1"
"CYMX","20II","2"
"EDDF","LHBP","1"
"EGGW","UUWW","1"
"KFLL","CYYC","1"
"EPGD","LSZH","1"
"OTHH","FARA","1"
"LROP","LEMD","1"
"CYYC","EHRD","1"
"CYUL","KPWK","1"
"WSSL","YPPH","1"
"EIDW","EGKK","6"
"OBBI","VHHH","21"
"KLAX","CYVR","13"
"EGGD","LEBL","1"
"LHBP","EGGW","14"
"EGJB","EGKK","7"
"VHHH","WBSB","2"
"TXKF","KBOS","2"
"EGLL","CYUL","3"
"LFPG","LSGG","2"
"OMSJ","EDDF","2"
"LIRF","LKPR","1"
"VHHH","EBLG","7"
"LFBO","LEMD","1"
"OBBI","VABB","1"
"EGCC","LEMD","1"
"KRSW","CGL2","1"
"CYYZ","FL35","1"
"EGPK","BIRK","1"
"KSUU","EDDP","1"
"SKBO","LEMD","2"
"OMDB","LSZH","2"
"VHHH","VTBD","1"
"LSZH","LROP","2"
"VTBD","RCTP","1"
"KTEB","EGGW","1"
"KJFK","EDDM","1"
"LSZH","EDDN","1"
"KBED","CYUL","1"
"VIDP","VTBS","1"
"35AZ","MM69","1"
"EHAM","FARA","1"
"LIMC","UNNT","3"
"KLAX","RKSI","43"
"KATL","EHAM","13"
"EHAM","WMKK","4"
"EBBR","EGGW","4"
"EFHK","EETN","3"
"LFLL","EDDP","6"
"LPPT","ESSA","1"
"LFMI","ELLX","1"
"20II","LFPG","1"
"OMDW","VHHH","18"
"LSZH","ENGM","1"
"EGNX","EHAM","4"
"LHBP","UMMS","2"
"EDDL","LEPA","5"
"RPLL","OTBK","1"
"KORD","CHF2","1"
"KCXY","CYOW","1"
"UUWW","LIMC","1"
"LFPB","EDLN","1"
"EBMB","LIRF","4"
"LYBE","LFPG","1"
"TVSA","TBPB","2"
"EFHK","RKSI","2"
"KMIA","SAEZ","2"
"KCMI","CYUL","1"
"WSSS","OEDF","1"
"LGIO","LSGG","1"
"EDDP","67KY","3"
"LIMC","EGNX","11"
"KATL","OTHH","1"
"LFPG","EDDB","1"
"CYUL","KBOS","6"
"DAAG","LEMD","1"
"ZGSZ","WMKK","10"
"EDDK","LFLL","5"
"KLCK","EDFH","1"
"EDDB","EBLG","2"
"OBBI","EGLL","4"
"ENGM","EGLF","1"
"ESSB","EHAM","2"
"LPPR","CYYZ","2"
"EIDW","EGPG","1"
"LIPE","UUWW","1"
"ULLI","OTHH","2"
"KDFW","EGPK","1"
"LIME","EDDF","1"
"0NK0","CNJ3","1"
"LIRF","EBBR","8"
"6NK1","CNJ3","1"
"VHHH","WMSA","8"
"LFPG","EFHK","9"
"VTBS","RJTT","8"
"VOBL","EGGW","1"
"YMML","VHHH","7"
"YPPH","WSSS","4"
"EGKK","LEBL","2"
"ELLX","RKSI","1"
"EGSS","KSDF","4"
"CYOW","KDTW","2"
"LFPG","EDDV","3"
"KOAK","RKSI","1"
"ELLX","LIBD","1"
"UKBB","LHBP","2"
"VHHH","OMAA","3"
"RKSI","VTBS","24"
"LTBA","VABB","5"
"LFPG","OMDB","9"
"CYYZ","SC08","6"
"EGKB","EDDL","1"
"EIDW","EGPH","10"
"EHEH","LIRF","1"
"EBLG","LJLJ","2"
"RKSS","RJTE","1"
"NC63","MDSB","1"
"EYVI","EGSS","1"
"VIDP","OMDB","5"
"EDDK","07KY","5"
"KMIA","EPKK","1"
"EHAM","RJBB","3"
"EPGD","EDDM","1"
"LIME","LFML","1"
"LLBG","LMML","1"
"KJFK","LTBA","1"
"CYYZ","RKSI","1"
"EPPO","EINN","1"
"EPPO","ETAR","1"
"BIKF","KIAD","3"
"OMDW","UMMS","1"
"EDDP","RKSI","7"
"LOWW","ELLX","2"
"EPGD","EETN","5"
"EDDF","LIRF","13"
"WMKK","RCTP","8"
"ELLX","KEYE","1"
"EGSS","VHHH","4"
"KMIA","TBPB","5"
"LEVC","LFML","2"
"CYYZ","PANC","5"
"CYXU","49OH","1"
"LEAL","ESSA","3"
"LEVC","LFMY","1"
"ETAR","EHAM","1"
"LPPT","CCV4","1"
"LTBA","EGGW","3"
"OMDB","VCBI","1"
"EGJJ","EGHI","1"
"EGSS","LROP","1"
"EDDF","WSSS","3"
"LFPG","EBLG","2"
"SKBO","KIAH","1"
"EKCH","EGNX","4"
"LYBE","LOWW","2"
"LIRF","EGPH","1"
"EGSS","EBLG","8"
"EBLG","KATL","2"
"EHAM","EGBB","4"
"TJIG","KPHX","2"
"EGGD","EIDW","6"
"WSSS","YMML","4"
"EDFH","KPSM","1"
"LFPG","EDDT","2"
"LSZH","EFHK","1"
"EDFH","EVRA","1"
"ETAR","DE09","2"
"LPPR","EIDW","3"
"TJIG","KTPF","1"
"LHBP","UAAA","1"
"EFTU","EBLG","4"
"LDZA","EDDK","5"
"EGKK","EIDW","7"
"EHAM","EDDF","23"
"CYUL","KPHL","5"
"ENOL","ESSA","1"
"EGSH","ESMS","1"
"EGTK","ENBR","1"
"EFHK","ESQO","5"
"EBLG","LGAV","5"
"FAOR","LTBW","1"
"LFST","EDDW","2"
"EDTF","LSZV","1"
"EGHI","EGJA","1"
"KEWR","CYQB","1"
"LROP","OMAA","1"
"EHAM","KONZ","1"
"LSZH","LPAZ","1"
"EYVI","EHAM","1"
"EKRK","ENSN","1"
"ETAR","OBBS","1"
"VHHH","LTBW","1"
"NZAA","YSSY","20"
"LIMC","UUEE","4"
"TJIG","KMIA","10"
"KSDF","TJIG","3"
"EBLG","LPPR","4"
"EBBR","LEMD","8"
"EBBR","LIPY","1"
"OBBI","OERK","7"
"LIRF","UNNT","2"
"EDDV","LFPG","4"
"PANC","EDDK","2"
"LOWW","LGAV","1"
"LOWL","EDDH","1"
"RKSO","RJTA","1"
"EDDL","LEAL","2"
"RJFF","VTBD","1"
"EDFH","EYVI","1"
"LOWS","LEBL","1"
"EGGW","EDDF","1"
"LEAL","LSZH","1"
"LGAV","EDDL","1"
"RKSI","OTHH","11"
"EDDF","LDZA","16"
"SKBO","KLAX","7"
"LPPT","EDDF","6"
"VHHH","VCBI","2"
"MROC","KMIA","24"
"ENGM","ESSA","23"
"CYHM","KSDF","6"
"KCVG","RKSI","11"
"EHEH","EGSS","3"
"ENGM","EDDP","3"
"CYVR","RKSI","8"
"EBBR","OMDW","3"
"LEMG","EDDF","1"
"WSSS","LSZH","4"
"KCLT","02PR","2"
"OMSJ","WSSS","1"
"CYHM","KBKL","1"
"KLCK","ELLX","2"
"EGHI","EGJB","5"
"TJSJ","KEWR","7"
"YSSY","OTHH","21"
"EDDF","OTHH","31"
"LFPG","LSZH","3"
"LLBG","VHHH","3"
"EBOS","LSGC","1"
"LPPT","CYYZ","1"
"RKSI","EDDK","5"
"LOWW","EDFH","1"
"ELLX","WSSS","3"
"CYMX","NY60","2"
"EDDF","YBBN","1"
"OMSJ","VHHH","2"
"PANC","EBLG","2"
"OMDB","OE53","1"
"LSZG","LFOK","1"
"EGPH","EDDL","1"
"LFLP","LSGG","1"
"KSGR","CYYC","1"
"EDDL","EGPH","1"
"OBBS","ETAR","1"
"LIMC","ZGSZ","2"
"KJFK","EGLL","24"
"EDKB","EHGG","1"
"UUEE","VTBS","1"
"LEMG","EFHK","2"
"OERK","LEMD","2"
"ETAR","KDOV","3"
"LSZH","EDDH","3"
"LGAV","LZIB","3"
"LFML","LIRF","2"
"EPWA","KORD","4"
"LIMC","HKMO","1"
"EKCH","BIKF","4"
"EGGW","EHAM","3"
"LIME","LFBO","1"
"EGGD","LFPB","1"
"UNNT","LIRP","1"
"UUWW","OMSJ","1"
"UAAA","LTBA","6"
"EBLG","LKTB","1"
"KCVG","VHHH","1"
"EBLG","EHAM","1"
"EIDW","EPPO","1"
"EGPH","LFPG","4"
"KADW","ETAR","1"
"EHAM","OMDW","2"
"EBMB","EGGW","1"
"GVNP","LFPG","1"
"LEZL","EGSS","1"
"LTBA","EINN","4"
"LEMD","LIRF","1"
"RJBB","05IN","2"
"SBBR","KMIA","1"
"EDDP","LFFW","1"
"DAAG","LSZH","1"
"LEMD","KFLL","1"
"KTPA","TJIG","1"
"CYYZ","KEYE","1"
"EINN","BIKF","1"
"OTHH","UUEE","1"
"ZGSZ","LIRE","1"
"TJIG","KDFW","4"
"TJIG","KSDF","8"
"LEBL","EBLG","5"
"EBLG","ESMS","3"
"LROP","EGKK","5"
"UUWW","ESSA","6"
"VABB","OTHH","10"
"CNU4","EGAA","1"
"LOWL","EBMB","3"
"EBLG","EGNX","7"
"CYYZ","60CO","2"
"ENUL","EDDM","1"
"EGSS","LIRF","1"
"ZGSZ","VIDP","1"
"EGLL","RJTK","2"
"EHAM","EGPG","1"
"LSGG","OTBD","1"
"KIAD","GVNP","1"
"WMSA","WSSL","1"
"LYBE","LIRF","1"
"SKBO","SBGR","1"
"EKOD","ESTL","1"
"KDEN","CAV9","1"
"ZGSZ","PANC","10"
"EIDW","EGSS","13"
"LFBO","EGLL","2"
"EIDW","KIAD","5"
"KPHL","EDDK","6"
"CYYZ","KJFK","11"
"EKBI","EBLG","1"
"EGLL","WSSS","9"
"BIKF","EIDW","5"
"ENGM","LTBA","1"
"EGHH","EGJJ","1"
"KOPF","UUEE","1"
"FACT","EDDF","1"
"LOWW","ENGM","2"
"GOBD","LIRF","1"
"KSRQ","TBPB","1"
"EHAM","ELLX","2"
"ELLX","EGLD","1"
"UUWW","EDDB","1"
"LFRS","EDDL","1"
"UKKM","UAAA","1"
"EGSS","EDDK","9"
"TJIG","KFLL","18"
"RKSI","PANC","85"
"EDDP","LIPZ","5"
"EDDL","LPFR","2"
"EHRD","LSZH","1"
"EDMA","EGCC","1"
"KBOS","CYYZ","10"
"EKRK","UUWW","1"
"LMML","EGSS","1"
"EDFH","LEZG","2"
"RCTP","LFPG","3"
"LTBA","EGSS","2"
"EDDF","UUDD","1"
"EKBI","LTBA","2"
"EPWA","RKSI","1"
"LFPG","SPOL","2"
"LJLJ","LDZA","1"
"CNC3","KVLL","1"
"EDDM","LEBL","2"
"EDDP","EPWA","5"
"SBKP","KFLL","1"
"EBLG","OERK","1"
"WSSS","CYVR","1"
"EGCC","EKBI","1"
"EDFH","EBOS","1"
"LOWW","EDDL","7"
"LEZG","EDDH","1"
"EDDF","ESSA","8"
"OTHH","LFPG","28"
"BIKF","CYYZ","2"
"RCTP","EHAM","4"
"EFHK","EPWA","1"
"EDDK","LEBL","3"
"KCVG","EBMB","2"
"EGSS","EDDB","5"
"KMDW","02PR","2"
"EGGW","EDDK","3"
"KLAX","EHBK","1"
"LEAL","ENGM","1"
"NZAA","KLAX","4"
"OTBH","OMDW","1"
"89IN","EGSS","1"
"LIBD","LFLY","1"
"LFPG","EKCH","4"
"OA16","RKSI","1"
"KSEA","CSP3","1"
"WMKK","VTBD","1"
"EETN","EPKT","2"
"OMDW","OEDF","1"
"KIAD","RJTT","1"
"LSZH","EGKB","1"
"KIAH","CYYC","1"
"LKPR","ESSX","1"
"OERK","EBBR","1"
"EDDH","LEPA","4"
"KIAH","EHAM","4"
"CYYZ","KBOS","10"
"EDDB","UMMS","4"
"EVRA","EYVI","4"
"EHAM","KLAX","4"
"LDZA","LYBT","2"
"LTBA","FAOR","1"
"KFLL","TJIG","3"
"EBLG","EDDN","4"
"EGSS","LIRA","1"
"KFLL","SKMA","1"
"KOPF","02PR","2"
"LFPG","VABB","2"
"EDDF","EVRA","2"
"OBBI","VOCI","1"
"EDDF","RJTT","2"
"LDZK","LJLJ","1"
"MDPC","LSZH","1"
"EDFH","LMML","1"
"KORD","EHBK","3"
"LKPR","LEBL","1"
"OERK","OMDW","6"
"KSEA","RKSI","13"
"EDDK","LFBD","1"
"SBGR","SAEZ","4"
"EDDK","LDZA","5"
"LHBP","EGSS","4"
"CYYZ","KDFW","7"
"VIDP","EGLL","3"
"EDDK","EKCH","4"
"LFBD","EDDP","1"
"VTBS","NZAA","1"
"EFHK","EHAM","1"
"CYYZ","LTBW","1"
"LEMG","EKCH","1"
"CYYC","FL35","1"
"LFLL","LSZB","1"
"KLAX","RJFR","1"
"EDDF","OERK","1"
"YSSY","RJTT","1"
"LIRF","ULLP","1"
"RKSI","KSFO","6"
"CYYZ","KLGA","13"
"EDDF","FABA","2"
"LTBA","OTHH","4"
"DAAG","LFPG","8"
"EGLL","LFML","3"
"UUEE","EHAM","6"
"EGGD","LFML","1"
"LROP","LKKB","1"
"RJBB","OMDB","2"
"EHAM","EGPH","4"
"EBOS","VHHH","1"
"EBLG","EDDK","1"
"RJBB","RCTP","24"
"LEMD","LTBA","3"
"CYVR","KORD","2"
"LEMD","LROP","1"
"OMDW","EBLG","2"
"EDDK","EBLG","3"
"CYOW","KEWR","1"
"EGLL","VCBI","2"
"ESSB","LSGG","1"
"LGIO","EDLW","1"
"EETN","UUDD","1"
"RKSI","LIRF","1"
"CYYZ","KDTW","4"
"EBLG","LFLL","5"
"EIDW","EGLL","21"
"EDDF","EGLL","26"
"EDDB","LIME","4"
"EPPW","ETAR","1"
"RKSI","EDFH","1"
"LGIR","EINN","2"
"VCBI","OMDB","1"
"LIMC","KJFK","1"
"EIME","LSZH","1"
"VTBD","VCBI","2"
"LFBO","LIME","1"
"LIMC","EDDL","2"
"KORD","LSZH","1"
"EDTD","LSZI","1"
"KHPN","GOBD","1"
"LGAV","EPWA","1"
"EPJG","LKLB","1"
"EPWA","ESSA","1"
"EGLL","EDDS","1"
"OMDB","EDDF","12"
"MROC","KUTA","3"
"TJIG","KPHL","9"
"WSSS","RJTT","5"
"CYUL","EDDF","7"
"EICK","EGLL","6"
"LGAV","LFPG","1"
"EGLL","EICK","6"
"EFHK","ESMS","4"
"CYHM","KPOV","4"
"RKSI","KHHR","2"
"EGSS","LGAV","1"
"LEMD","LFPO","4"
"EKCH","EDDK","4"
"LLBG","EDDK","5"
"EKRK","ESKN","1"
"VHHH","EBOS","2"
"EGGW","LIMC","5"
"KDOV","ETAD","1"
"LPFR","EDDL","2"
"GOBD","KHPN","1"
"LIMC","UUWW","1"
"ENGM","LHBP","1"
"LSZH","LFLB","1"
"LPPT","EGGW","1"
"CYHM","61OH","1"
"GMMN","LTBW","3"
"OTHH","KIAD","7"
"RKSI","OMAA","1"
"TJSJ","KFLL","5"
"OMAM","OTBH","2"
"RKSI","WSAP","8"
"LOWW","EHAM","1"
"EBBR","EDDF","12"
"CYHM","KCVG","9"
"OTHH","KJFK","2"
"EGSS","LOWW","1"
"EGGW","LSZH","1"
"EDDW","LOWS","1"
"RJFF","RCTP","8"
"EDDK","LIMC","6"
"EDDF","CYUL","6"
"LYBE","EDRY","1"
"RJBB","LFPG","2"
"EBBR","ESMP","1"
"OTHH","EGBB","1"
"EFHK","EYVI","2"
"ELLX","WSAP","2"
"LEBL","EDDT","1"
"BIKF","EPWA","2"
"LCLK","EGGW","1"
"KMSP","CRK2","3"
"EKCH","LFPG","4"
"LDZA","OTHH","2"
"UMMS","LTBW","6"
"LKPR","EKCH","1"
"EDDF","LSZH","16"
"ESGG","EETN","1"
"LTBA","LMML","1"
"EINN","LGAV","1"
"OMSJ","EHAM","3"
"EHAM","LOWW","1"
"LFML","EICK","1"
"KSDL","CYYJ","1"
"EDDP","LIPY","1"
"LEZL","LFBO","1"
"LEMU","EPWA","1"
"EHAM","ESSB","1"
"VIDP","UDYZ","1"
"LROP","UAAA","1"
"LICC","LERT","1"
"RKSI","EDDF","15"
"EDDF","VABB","11"
"LIPZ","ETAR","1"
"LIRF","LDZA","1"
"EKCH","EGKB","1"
"CYYC","KCVG","5"
"LTBA","LLBG","1"
"LEPA","LOWW","1"
"EIDW","EGLF","1"
"LEVC","LFNR","2"
"CYYZ","KCLE","1"
"CFQ7","KSEA","1"
"LKPR","LIRF","1"
"WMKK","RJAA","3"
"EBBR","LFNR","3"
"EBLG","EDGE","3"
"LMML","LEBL","1"
"EGJJ","EPWA","1"
"CYVR","KLAX","13"
"WSSS","VOMM","1"
"LTBA","GOBD","3"
"TJSJ","KHOU","1"
"LSZH","LTFJ","1"
"LFPG","OMSJ","2"
"UMMS","EGKK","4"
"LFQQ","ELLX","1"
"EIDW","UUWW","1"
"LSZH","EDDG","1"
"LSZI","EDNY","1"
"LFML","EGSS","1"
"LSZH","KMIA","2"
"EHAM","EDRY","1"
"OMSJ","VIDP","1"
"EDFH","EYKA","1"
"UUDD","LEPA","1"
"LEMD","KTMB","1"
"KLAX","YSSY","8"
"EHAM","LFPG","21"
"EBBR","RKSI","5"
"KLAX","ELLX","5"
"EHAM","EDDP","12"
"KBWI","TJIG","5"
"CYYZ","MI37","1"
"SLVR","LEMD","1"
"ESSA","EGLL","10"
"VHHH","EDDK","8"
"KBUF","CHF2","1"
"BIKF","KMIA","1"
"EKCH","LKVO","1"
"KJFK","LFPG","5"
"EDDF","OMAM","1"
"WSSS","YPPH","5"
"CYUL","KIAD","2"
"EHAM","EETN","1"
"UUWW","EDDK","3"
"UUEE","EDFH","1"
"WSSS","OMDW","1"
"EHAM","EDDH","1"
"OTBH","OE51","1"
"LEMD","KLAX","1"
"LFLU","LEVC","1"
"OMDW","WSAP","1"
"CYHM","WN35","2"
"LIRF","LSZH","5"
"TJIG","KNYL","1"
"EBLG","OTHH","17"
"OMDB","SBGR","1"
"LFPG","DAAG","7"
"EHAM","SBGR","3"
"EHEH","EDDK","1"
"EFHK","EDDT","1"
"EHRD","LIMJ","1"
"VHHH","KIAH","1"
"ESSA","EDDK","5"
"VGTJ","OMSJ","1"
"ELLX","66II","1"
"EGLL","LHBP","5"
"LSZH","KEWR","3"
"EFHK","RJTK","1"
"UUEE","KORD","3"
"LIPE","EDDL","1"
"CNS8","KOGS","1"
"LIRA","EGBB","1"
"VIDP","EDDP","1"
"WMKK","PANC","1"
"KORD","CYYZ","23"
"OBBI","LTBW","3"
"LEBL","EGKK","2"
"OTHH","EIDW","6"
"EGBB","OTHH","1"
"UNNT","EDDF","2"
"CYUL","KDTW","5"
"LOWS","EDDL","3"
"LSGG","EDDN","1"
"EDDH","OERY","1"
"EDDP","LEBL","6"
"LHBP","EBBR","1"
"SBKP","FD37","1"
"EDDL","LHBP","1"
"UUDD","UDYZ","3"
"VIDP","KSFO","2"
"EDDF","EETN","3"
"OMSJ","EBLG","1"
"KLAX","EBLG","3"
"OTBH","EGUN","4"
"EKBI","LROP","2"
"KEVB","CYKZ","1"
"CYXX","WN08","4"
"LEBL","EHAM","4"
"RKSI","VHHH","63"
"EDDM","EHBK","1"
"UUEE","EDDF","9"
"EGCC","ENGM","1"
"KIAD","CYYZ","6"
"EYVI","EDFH","1"
"ESMS","LROP","2"
"EIDW","EDDM","3"
"LEGT","LFBO","1"
"KORD","EGPK","1"
"VIDP","UUEE","1"
"ELLX","LFPB","2"
"EDSB","LSGG","1"
"OMDB","GOBD","1"
"WBSB","RPLL","2"
"RJBB","EDDF","1"
"LEMG","ESSX","1"
"LFPB","EYRU","1"
"CYUL","KORL","1"
"EGKB","LEMG","1"
"EKCH","EDDP","13"
"CYVR","EDDF","3"
"KDTW","CYUL","6"
"VHHH","UUEE","6"
"TJSJ","KBWI","2"
"EDDP","VHHH","14"
"EGMC","LEMD","14"
"VTBD","EKCH","1"
"EGLL","LROP","6"
"EGLL","KSFO","5"
"LMML","EGLL","3"
"EDDF","KCMH","1"
"EGCC","EHAM","3"
"FABA","EHAM","1"
"KIAG","CES5","1"
"EGLL","SBGL","1"
"EGSS","EDDP","6"
"CYYZ","CO12","1"
"OTHH","UUDD","3"
"LPPT","EHWO","1"
"KOPF","LE85","1"
"LOWG","EDDH","1"
"LOWL","EDDF","1"
"LDZA","LIRA","1"
"KSAN","CYUL","1"
"EIDW","EGAC","2"
"UAAA","OMSJ","1"
"KOPF","MROC","1"
"GMMN","OTHH","1"
"EDDF","KSFO","1"
"ESOW","LKPR","1"
"EGLF","LSZG","1"
"K2R2","EDDK","1"
"KATL","EBOS","2"
"EIDW","OTHH","7"
"EGCN","LROP","3"
"EFHK","LEMG","1"
"EDDF","UMMS","3"
"OMDB","LTBA","1"
"LEMD","KMIA","5"
"EBMB","LFMY","1"
"WSSS","YBBN","4"
"EDDT","LSZH","5"
"KTUS","MM69","1"
"VIDP","UMMS","1"
"EDDK","KMIA","3"
"KOAK","RJBB","1"
"CYHM","KCMH","1"
"EGPH","KCLE","1"
"EGSC","EKYT","1"
"LOWL","LSGG","1"
"KCVG","YSSY","1"
"ESSB","EFTU","1"
"UMMS","EGSS","1"
"LSZH","EDDV","1"
"LFPG","OTHH","31"
"EGLL","LEVC","2"
"ETAR","KBWI","2"
"UMMS","EFHK","1"
"LDZA","EDDF","16"
"YPPH","OTHH","11"
"UUEE","EDDP","10"
"EDHI","LFBO","8"
"LIPE","EDDP","10"
"OTHH","EDDM","10"
"LTAC","LCEN","1"
"UMMS","EDDB","5"
"ESSA","LPPT","1"
"LFPG","GOBD","2"
"LSZV","EDJA","1"
"VHHH","RJAA","6"
"LFOT","EGBB","1"
"CYYZ","K7L8","1"
"RKSI","WMKK","6"
"78MI","EHAM","1"
"UNNT","EVRA","1"
"KVPC","EINN","1"
"EGTE","LFNE","1"
"KMIA","LPPT","1"
"WA96","CZBB","1"
"WN35","CYNJ","10"
"VTBS","RKSI","26"
"EGSS","LTBA","2"
"LFRS","EDDP","5"
"EGLL","KORD","14"
"LOWW","LDZA","1"
"EDDP","LIME","1"
"EDDP","LMML","3"
"EYKA","EIDW","1"
"VIDP","LIRF","1"
"PANC","CYXE","1"
"EDDP","LFLL","6"
"WSSS","RKSI","16"
"LFLL","LPBJ","1"
"SLCB","KMIA","1"
"LFPG","EBBR","5"
"OMDW","EDFH","2"
"ZGSZ","LKPD","1"
"LSGG","EGKB","2"
"KOPF","EGPH","1"
"TJIG","FD77","1"
"LOWW","UUWW","1"
"EDDM","VTBS","2"
"EKRK","EPGD","1"
"LOWS","EDMD","1"
"VIDP","WMKK","1"
"KSUU","RKRN","1"
"OBBI","RPLL","2"
"UMMS","LEBL","1"
"DAAG","LPPT","1"
"LEAL","EDLV","1"
"EFHK","LOWI","1"
"EDDW","LEIB","1"
"OMDB","RJBB","2"
"KALB","BIKF","1"
"LIPZ","EDDK","5"
"OMDW","OBBI","2"
"LEBL","EBMB","1"
"LKPR","EHAM","3"
"EKSB","ESSA","1"
"EDDF","LEBL","7"
"CYVR","KSDF","5"
"ZGSZ","RPLC","4"
"EPPO","EIDW","1"
"LKPR","EBLG","4"
"FAGC","EDDM","1"
"EDDL","LPPT","3"
"EDDK","EPKT","6"
"LIMC","UUDD","2"
"CYUL","KYIP","1"
"EGUN","CCV4","1"
"EDFX","LIPZ","1"
"EDDM","BIKF","1"
"UMMS","EHAM","3"
"LFPG","EHAM","17"
"TJIG","KBWI","5"
"LEBL","LGAV","1"
"EPGD","KPOB","1"
"LLBG","EBBR","4"
"EINN","KIAD","4"
"WSSS","RCTP","18"
"KDTW","EHAM","3"
"LSZR","LOWW","1"
"ULLI","EETN","1"
"ETAR","KL65","1"
"VOMM","EHAM","1"
"KIAD","02PR","1"
"LSZH","VHHH","1"
"LEMD","SLCY","1"
"EDDM","LSGG","1"
"NZAA","WSAP","2"
"KSDF","CYYC","3"
"LEBL","LHBP","3"
"EICK","EGGD","1"
"CFQ7","60CO","1"
"EGMC","LROP","2"
"ETOU","1MU4","1"
"UUWW","LOWW","1"
"EGLL","EDDK","1"
"WMKK","LTBA","2"
"WSSL","VHHH","1"
"LIPL","LSZA","1"
"LFPB","EDSK","1"
"EBLG","EDFH","1"
"KIAH","CYYZ","6"
"EGLL","VTBS","2"
"SKBO","SAEZ","4"
"ESGG","EBLG","5"
"ESSA","ENGM","20"
"LMML","LFLL","5"
"VHHH","OTHH","31"
"VAJJ","VHHH","1"
"WMKK","EGLL","8"
"CYYZ","EHAM","4"
"ESSA","UMMS","3"
"EDDM","EGLL","8"
"EHAM","EGCC","5"
"UNNT","VHHH","4"
"LIPE","EKRK","1"
"WSSS","OMSJ","5"
"EDFH","EYKG","1"
"EDDM","UMMS","3"
"EIDW","LEMD","4"
"EDDL","LSZH","6"
"MMTJ","KORD","1"
"EGUN","OTBH","1"
"ESMS","EGKB","1"
"LIBD","ELLX","1"
"EKCH","ESSB","1"
"WSSS","EGLL","15"
"EIDW","EBBR","4"
"KLAX","EGLL","18"
"EINN","EGLL","5"
"CYYC","KMSP","6"
"RCTP","WSSS","11"
"LLBG","LOWW","6"
"EGLL","KATL","12"
"LROP","LSZH","1"
"KEWR","CYUL","5"
"CYYZ","FA37","2"
"KATL","MROC","1"
"LFPB","LOWW","1"
"OERK","EGLL","2"
"LSZB","EGPK","1"
"LROP","LYBE","1"
"LEZG","KJFK","1"
"EDDP","EFHK","7"
"OMDW","ELLX","8"
"EDDP","LIRA","5"
"LKMT","LFPO","1"
"LHBP","LOWW","4"
"EFHK","ULLI","2"
"VTBS","EDDF","8"
"LFPG","UMMS","5"
"VGTJ","OERK","1"
"KEWR","LSZH","3"
"UMMS","VIDP","1"
"SBGR","EHAM","2"
"UUEE","VIDP","1"
"EDDW","LFST","1"
"ENGM","LZIB","1"
"KLAX","RJDC","1"
"EDDT","EFHK","1"
"TJIG","KSEA","1"
"SKBO","KMIA","57"
"EBLG","LKPR","4"
"DAAG","EINN","1"
"UMMS","LFPG","6"
"KORD","EHAM","17"
"LFML","EDDK","6"
"KBED","LEMD","1"
"EKRK","LIMA","1"
"ENGM","EHAM","4"
"CYYZ","KABE","1"
"RJGG","RKSI","4"
"ESSA","EPWA","1"
"ESMS","LSZH","1"
"EDTZ","LSMD","2"
"LSGG","LIML","1"
"EDDK","KATL","1"
"SAEZ","KHHR","1"
"EDDB","EPWR","1"
"EDDP","EHAM","11"
"KJFK","EGNX","4"
"LLBG","UMMS","1"
"EGNX","EKCH","4"
"CYVR","KCVG","5"
"LFPG","OMAM","1"
"ETAR","KW32","1"
"TXKF","KFRG","1"
"LGAV","EBLG","4"
"LILG","EGLL","1"
"ESSA","RKSI","3"
"GMTT","LE85","1"
"UNNT","EDDP","1"
"EDDK","EPPO","1"
"PANC","RJTE","1"
"EETN","EPGD","5"
"KPHL","EGSS","6"
"EHAM","SBKP","4"
"LFBO","EGNR","6"
"VCBI","UUEE","1"
"EIDW","LZIB","1"
"EDDH","LSZH","3"
"LTBA","VHHH","2"
"OBBI","OEDF","1"
"TJIG","KIAH","2"
"LSGG","UUEE","1"
"OMDB","YMML","4"
"EDDK","EGSS","6"
"LEBL","LIRF","1"
"UDYZ","UUEE","1"
"KPHL","CYOW","1"
"EETN","ESQO","1"
"LEBL","CYYZ","1"
"TJIG","KJVY","1"
"LPFR","EDDM","1"
"KJFK","EBMB","1"
"CYUL","KIAH","2"
"KDCA","CYYZ","7"
"RCTP","VTBS","36"
"LEMD","LPIN","1"
"EGLL","LLBG","3"
"UUWW","EHAM","1"
"LKPR","VTBT","1"
"OTHH","VOMM","4"
"KATL","TJIG","2"
"UUWW","SBGL","1"
"VABB","OM11","2"
"MROC","SKMA","1"
"LKPD","LJLJ","1"
"ETOU","EVGA","1"
"CYYZ","KATL","12"
"RKSI","KJFK","12"
"EGNR","LFBO","6"
"CYYC","KMFE","1"
"LFBO","EBLG","4"
"LEMD","SKBO","1"
"OI32","CYHM","2"
"LFPG","EDDP","19"
"EGCN","KJFK","2"
"EDSB","LERS","1"
"57FA","02PR","1"
"WN35","CYXX","1"
"SBKP","EHAM","2"
"UUEE","EBLG","1"
"EGLL","KPHL","3"
"KMIA","EDDP","1"
"EHBK","KJFK","1"
"ELLX","LFEU","1"
"KMCO","CYYZ","1"
"ZGSZ","EYRU","1"
"SBKP","SKMA","10"
"EDDF","SBGR","5"
"EGSS","LFPG","10"
"VHHH","OMDW","14"
"ENGM","EKCH","22"
"KATL","EGLL","12"
"EBLG","LIRA","5"
"EDFH","EPWR","1"
"EKBI","EGCC","1"
"SAEZ","SKMA","1"
"RJBB","VTBD","1"
"LZIB","EGSS","1"
"WSSS","ZGGG","5"
"ESGG","EGKB","1"
"K10G","CYPT","1"
"UDYZ","ESGG","1"
"LKPR","LRBS","1"
"LHBP","EBLG","6"
"LIRA","EDDP","5"
"LSGG","EIDW","1"
"EDDV","UMMS","2"
"BIKF","EKCH","5"
"WSSS","OTHH","8"
"LMML","EDDF","4"
"LTBA","LIMC","2"
"KPIE","02PR","1"
"EGGW","LJLJ","1"
"LEZG","EBBR","1"
"OBBI","RKSI","2"
"LSGC","EDMA","1"
"LFML","LIPY","1"
"OMSJ","VABB","1"
"EGKB","LEBL","1"
"KFLL","SADF","1"
"LKPR","LDRG","1"
"EBAW","EDDB","1"
"VTBS","OTHH","17"
"EGNX","EDDP","43"
"EKCH","ENZV","5"
"ESMS","EGSS","1"
"LKPR","EGGW","2"
"EDDM","LGAV","5"
"CYYZ","LPPT","2"
"EKCH","EFHK","4"
"KJFK","EDDF","5"
"KMIA","LTBA","1"
"KLAX","EDDP","5"
"KHPN","TVSV","1"
"KIAH","EBLG","4"
"ULLI","LFBD","1"
"UUEE","OTHH","1"
"LHBP","LYBE","2"
"RCSS","VHHH","1"
"YMML","WBSB","2"
"LPPT","LSGG","1"
"CYYZ","SAEZ","1"
"EDDV","LJLJ","1"
"EGLD","EDDH","1"
"LKPR","EDDB","1"
"LFOK","LSZH","1"
"LPPR","EBLG","4"
"EVRA","UMMS","1"
"EPWA","EDDP","5"
"EDFH","OMDW","3"
"WBKL","VHHH","1"
"ELLX","LGAV","1"
"EBBR","USSS","1"
"EGNX","LFBD","1"
"UUWW","LIRF","1"
"EDDP","KJFK","5"
"EGGW","KJFK","1"
"EINN","EGNJ","1"
"UAAA","EGLF","1"
"ZGGG","WMKK","1"
"LJLJ","EGGD","1"
"CYVR","KPHX","2"
"EDDT","LFPG","2"
"EBOS","OTHH","4"
"EGLL","OBBI","5"
"CYYZ","KFXE","2"
"EHAM","KJFK","8"
"VTBS","WSSS","6"
"OMDB","VOBL","9"
"EBMB","EIDW","3"
"WN08","CKA8","1"
"RKSS","PANC","1"
"EPWA","SAEZ","1"
"EETN","EHAM","1"
"LEPA","EHAM","1"
"KHOU","EINN","1"
"VIDP","EFHK","1"
"LLBG","LYBE","2"
"ESMS","EDDK","9"
"EGNX","EINN","4"
"OE51","OTBH","1"
"OBBI","LTBA","1"
"LJLJ","LHBP","1"
"EETN","EBLG","3"
"KPHL","CYYZ","9"
"WMKK","YSSY","14"
"LEBL","EDDP","4"
"KJFK","EBBR","3"
"LETO","LIRE","1"
"LFLY","EDDW","1"
"LLBG","EDDP","5"
"RKSI","OMDB","1"
"CYUL","DAAG","2"
"VIDP","OTHH","3"
"LDZA","ESSA","1"
"RKSI","EDDP","1"
"7FL6","CYPT","1"
"VHHH","WSSL","3"
"LZIB","LEMG","1"
"LTBA","EKBI","1"
"CYOW","WN35","1"
"LHPA","YTBF","1"
"KDFW","EBBR","2"
"LROP","EGGW","19"
"EBLG","EDDV","4"
"YSSY","WSAP","8"
"LJLJ","EDDN","4"
"UUWW","LMML","1"
"UUEE","ZGSZ","3"
"RJBB","EHAM","4"
"LFPB","LSZH","1"
"KBWI","ETAR","3"
"LIRF","SBGR","2"
"ENGM","RKSI","3"
"KLAX","LEMD","1"
"EPPW","ETOU","3"
"LEAL","BIKF","1"
"SKMA","KMIA","1"
"LHBP","LKPD","1"
"EDDN","EPPO","1"
"LZIB","UUWW","1"
"LFLB","EDVE","1"
"BIKF","LPPT","1"
"LFPG","LKMT","1"
"KVNY","CYVR","1"
"EDDC","ELLX","2"
"EDDV","EINN","1"
"VHHH","ELLX","11"
"CYYZ","KPDK","1"
"RCTP","VMMC","6"
"VTBS","EHAM","5"
"RPLL","OTHH","14"
"WSSS","RJBB","5"
"RJBB","KLAX","3"
"LROP","LSGG","2"
"LFPG","EGLL","11"
"HKMO","EDDF","3"
"KONT","MMTJ","5"
"EGSS","ELLX","1"
"OMSJ","EGLL","2"
"LDZA","EDDM","1"
"KFRG","CYYZ","1"
"LFLA","EDDK","1"
"UUWW","ESTA","1"
"EPWA","LTBW","2"
"VIDP","RKSI","1"
"LOWW","UKBB","1"
"LSGG","EHAM","4"
"VHHH","NZAA","4"
"EFHK","OTHH","7"
"LCLK","EGLF","1"
"EKBI","EDTB","1"
"LPPT","LROP","1"
"CYHM","OI41","3"
"LTBA","LOWW","2"
"ETNW","EYRU","1"
"RCTP","EGKK","2"
"KTEB","EINN","1"
"OTHH","LIRF","3"
"LSZB","EIME","1"
"KIAD","LRBS","1"
"EFHK","VIDP","1"
"OTHH","VTBS","16"
"K7L8","EDDK","1"
"CYHM","OI32","5"
"VMMC","VHSK","4"
"CYHM","KJFK","3"
"TJIG","KMMK","1"
"EDDK","LTBA","5"
"EDTR","LSMD","1"
"EGKB","EDDS","1"
"ESSA","VTBS","2"
"LFLY","LSGG","1"
"LFPG","LOWW","2"
"LJLJ","LFPB","1"
"LROP","EKBI","2"
"OMDB","WSSS","7"
"EDVE","LFLP","1"
"YMML","ZGGG","1"
"UUEE","EGLL","2"
"LSZH","EIME","1"
"LEVC","EHAM","1"
"KLAX","EGCN","1"
"EDDF","LEJR","1"
"ZGSZ","OTHH","1"
"CYUL","78MI","5"
"EGPH","EIDW","10"
"VTBS","UNNT","5"
"CEB8","49OH","1"
"KSDF","CYMX","5"
"KATL","EDDK","2"
"KSFO","YSSY","7"
"CYHM","EDDV","2"
"KFLL","SBGR","1"
"EDDP","EYVI","3"
"LSGG","EGLL","13"
"KMIA","EDDF","1"
"EGLL","EDDT","10"
"LFPG","RJBB","2"
"WMSA","RCSS","1"
"EDDH","LFLI","1"
"CYYZ","OTHH","1"
"ETAR","EGUN","1"
"KCVG","02PR","6"
"EGKK","CYYZ","2"
"LIMC","EDDF","15"
"EKRN","ESKN","1"
"LHBP","EDDP","9"
"EIDW","EGCC","15"
"LYBE","LJLJ","1"
"ESKN","LROP","2"
"EGLL","LPPT","7"
"EBMB","EDDM","3"
"CYOW","FL35","1"
"EIDW","EDDH","3"
"KAFW","EGVA","1"
"KPIE","CRK2","1"
"OTHH","EBBR","7"
"LFPB","EGKB","2"
"LSPF","EDSI","1"
"LEMD","LFEG","1"
"OMDW","UUEE","1"
"VTBD","KLGB","1"
"LSZH","LGAV","2"
"KORD","LIMC","2"
"VHHH","OMAM","1"
"LFPG","KLAX","5"
"KMIA","OTHH","7"
"WMKK","ZGGG","9"
"KDFW","EGLL","13"
"LSZV","LOIH","1"
"LIRA","EBLG","5"
"ZGSZ","UUEE","3"
"LOWW","LEVC","1"
"EHAM","EDFH","1"
"LZIB","LKPR","1"
"EVRA","UUWW","3"
"LKPR","EDDN","1"
"ELLX","KLAX","3"
"EHAM","EFHK","1"
"EFTU","ESSA","1"
"LIRA","EGGW","1"
"KLAX","EBBR","1"
"LLBG","LBWV","1"
"CYVR","NZAA","5"
"LHBP","ELLX","3"
"RKSI","EGLL","12"
"EHAM","OTHH","14"
"LCLK","LLBG","1"
"SBKP","SAEZ","5"
"RJBB","PANC","19"
"EGVN","EETN","1"
"OTHH","RKSI","10"
"KEWR","ESSA","2"
"VOBL","LTBA","2"
"OTHH","EHBK","1"
"EDDN","EHAM","1"
"VAJJ","OMDB","1"
"EGNX","EBLG","6"
"VHHH","EDDF","13"
"OTHH","ESSA","8"
"EHAM","ESGG","5"
"LSZR","LTAC","1"
"KSFO","RCTP","13"
"YBBN","RCTP","5"
"CYEG","KMSP","1"
"LEVC","EIDW","2"
"EDDS","LHBP","2"
"KSFO","NZAA","2"
"LTBA","UMMS","3"
"EGLL","LTBW","6"
"KMSP","CYYC","6"
"EHAM","KSFO","3"
"EBBR","EKCH","4"
"EFHK","EDDP","6"
"ESSA","ENOL","1"
"OMDW","EDJA","1"
"VABB","EBLG","2"
"EDDH","LDZA","1"
"EHAM","OMAM","1"
"LTBA","KORD","3"
"LSZH","LFLL","1"
"SDCO","EGLF","1"
